Book Id,Title,Author,Author l-f,Additional Authors,ISBN,ISBN13,My Rating,Publisher,Binding,Number of Pages,Year Published,Original Publication Year,Date Read,Date Added,Bookshelves,Bookshelves with positions,Exclusive Shelf,My Review,Spoiler,Private Notes,Read Count,Owned Copies
34912895,The Great Alone,Kristin Hannah,"Hannah, Kristin",,"=""""","=""""",0,St. Martin's Press,Kindle Edition,435,2018,2018,,2026/06/14,,,read,,,,1,0
35504431,Turtles All the Way Down,John  Green,"Green, John",,"=""0525555366""","=""9780525555360""",0,Dutton Books for Young Readers,Hardcover,290,2017,2017,,2026/06/14,,,read,,,,1,0
6567017,"Will Grayson, Will Grayson",John  Green,"Green, John",David Levithan,"=""0525421580""","=""9780525421580""",0,Dutton Books,Hardcover,320,2010,2010,,2026/06/14,,,read,,,,1,0
40097951,The Silent Patient,Alex Michaelides,"Michaelides, Alex",,"=""1250301696""","=""9781250301697""",0,Celadon Books,Hardcover,336,2019,2019,,2026/08/13,,,read,,,,1,0
19089,Middlemarch,George Eliot,"Eliot, George",Michel Faber,"=""0451529170""","=""9780451529176""",0,Signet,Mass Market Paperback,912,2003,1872,,2026/08/10,,,read,,,,1,0
62080187,Never Lie,Freida McFadden,"McFadden, Freida",,"=""""","=""""",0,Hollywood Upstairs Press,Kindle Edition,286,2022,2022,,2026/08/04,,,read,,,,1,0
37435,The Secret Life of Bees,Sue Monk Kidd,"Kidd, Sue Monk",,"=""0142001740""","=""9780142001745""",0,Penguin Books,Paperback,352,2003,2001,,2026/08/04,to-read,to-read (#61),to-read,,,,0,0
22557272,The Girl on the Train,Paula Hawkins,"Hawkins, Paula",,"=""1594633665""","=""9781594633669""",0,Riverhead Books,Hardcover,336,2015,2015,,2026/08/04,to-read,to-read (#60),to-read,,,,0,0
662,Atlas Shrugged,Ayn Rand,"Rand, Ayn",Leonard Peikoff,"=""0452011876""","=""9780452011878""",0,Plume,Paperback,1168,1999,1957,,2026/08/04,to-read,to-read (#59),to-read,,,,0,0
52036,Siddhartha,Hermann Hesse,"Hesse, Hermann",Hilda Rosner,"=""""","=""""",0,Bantam Books,Mass Market Paperback,152,1981,1922,,2026/08/04,to-read,to-read (#58),to-read,,,,0,0
6288,The Road,Cormac McCarthy,"McCarthy, Cormac",,"=""0307265439""","=""9780307265432""",0,Alfred A. Knopf,Hardcover,241,2006,2006,,2026/08/04,to-read,to-read (#57),to-read,,,,0,0
10917,My Sister's Keeper,Jodi Picoult,"Picoult, Jodi",,"=""0743454537""","=""9780743454537""",0,Atria/Emily Bestler Books,Paperback,423,2005,2004,,2026/08/04,to-read,to-read (#56),to-read,,,,0,0
332613,One Flew Over the Cuckoo’s Nest,Ken Kesey,"Kesey, Ken",,"=""""","=""""",0,Signet,Mass Market Paperback,325,1963,1962,,2026/08/04,to-read,to-read (#55),to-read,,,,0,0
52892857,The Color Purple,Alice Walker,"Walker, Alice",,"=""0143135694""","=""9780143135692""",0,Penguin Books,Paperback,287,2019,1982,,2026/08/04,to-read,to-read (#54),to-read,,,,0,0
17899948,Rebecca,Daphne du Maurier,"Maurier, Daphne du",,"=""0316323705""","=""9780316323703""",0,"Little, Brown and Company",Kindle Edition,449,2013,1938,,2026/08/04,to-read,to-read (#53),to-read,,,,0,0
43641,Water for Elephants,Sara Gruen,"Gruen, Sara",,"=""1565125606""","=""9781565125605""",0,Algonquin Books,Paperback,368,2007,2006,,2026/08/04,to-read,to-read (#52),to-read,,,,0,0
39988,Matilda,Roald Dahl,"Dahl, Roald",Quentin Blake,"=""043512398X""","=""9780435123987""",0,New Windmills,Hardcover,240,1992,1988,,2026/08/04,to-read,to-read (#51),to-read,,,,0,0
6514,The Bell Jar,Sylvia Plath,"Plath, Sylvia",,"=""""","=""""",0,Harper Perennial Modern Classics,Paperback,294,2006,1963,,2026/08/04,to-read,to-read (#50),to-read,,,,0,0
4214,Life of Pi,Yann Martel,"Martel, Yann",,"=""0770430074""","=""9780770430078""",0,Seal Books,Paperback,460,2006,2001,,2026/08/04,to-read,to-read (#49),to-read,,,,0,0
19543,Where the Wild Things Are,Maurice Sendak,"Sendak, Maurice",,"=""0099408392""","=""9780099408390""",0,Red Fox,Paperback,38,2000,1963,,2026/08/04,to-read,to-read (#48),to-read,,,,0,0
23772,Green Eggs and Ham,Dr. Seuss,"Seuss, Dr.",,"=""0394800168""","=""9780394800165""",0,Random House Books for Young Readers,Hardcover,64,1988,1960,,2026/08/04,to-read,to-read (#47),to-read,,,,0,0
18619684,The Time Traveler's Wife,Audrey Niffenegger,"Niffenegger, Audrey",,"=""1939126010""","=""9781939126016""",0,Zola Books,ebook,537,2013,2003,,2026/08/04,to-read,to-read (#46),to-read,,,,0,0
21787,The Princess Bride,William Goldman,"Goldman, William",,"=""0345418263""","=""9780345418265""",0,Ballantine Books,Paperback,429,2003,1973,,2026/08/04,to-read,to-read (#45),to-read,,,,0,0
2998,The Secret Garden,Frances Hodgson Burnett,"Burnett, Frances Hodgson",,"=""0517189607""","=""9780517189603""",0,Children's Classics,Hardcover,331,1998,1911,,2026/08/04,to-read,to-read (#44),to-read,,,,0,0
24178,Charlotte’s Web,E.B. White,"White, E.B.","Garth Williams, Rosemary Wells","=""0064410935""","=""9780064410939""",0,HarperCollinsPublishers,Paperback,184,2001,1952,,2026/08/04,to-read,to-read (#42),to-read,,,,0,0
4667024,The Help,Kathryn Stockett,"Stockett, Kathryn",,"=""0399155341""","=""9780399155345""",0,G.P. Putnam's Sons,Hardcover,451,2009,2009,,2026/08/04,to-read,to-read (#43),to-read,,,,0,0
11,"The Hitchhiker's Guide to the Galaxy (Hitchhiker's Guide to the Galaxy, #1)",Douglas Adams,"Adams, Douglas",,"=""""","=""""",0,Del Rey Books,Mass Market Paperback,216,2005,1979,,2026/08/04,to-read,to-read (#41),to-read,,,,0,0
929,Memoirs of a Geisha,Arthur Golden,"Golden, Arthur",,"=""1400096898""","=""9781400096893""",0,Vintage Books USA,Mass Market Paperback,503,2005,1997,,2026/08/04,to-read,to-read (#40),to-read,,,,0,0
18405,Gone with the Wind,Margaret Mitchell,"Mitchell, Margaret",,"=""0446365386""","=""9780446365383""",0,Warner Books,Mass Market Paperback,1037,1993,1936,,2026/08/04,,,read,,,,1,0
370493,The Giving Tree,Shel Silverstein,"Silverstein, Shel",,"=""0060256656""","=""9780060256654""",0,HarperCollins Publishers,Hardcover,64,1964,1964,,2026/08/04,to-read,to-read (#39),to-read,,,,0,0
22628,The Perks of Being a Wallflower,Stephen Chbosky,"Chbosky, Stephen",,"=""""","=""""",0,MTV Books/Pocket Books,Hardcover,213,1999,1999,,2026/08/04,to-read,to-read (#38),to-read,,,,0,0
1953,A Tale of Two Cities,Charles Dickens,"Dickens, Charles",,"=""0141439602""","=""9780141439600""",0,Penguin Books,Paperback,489,2003,1859,,2026/06/14,,,read,,,,1,0
233667,Firestarter,Stephen  King,"King, Stephen",,"=""""","=""""",0,Signet,Mass Market Paperback,564,1998,1980,,2026/07/11,,,read,,,,1,0
99561,Looking for Alaska,John  Green,"Green, John",,"=""1435249151""","=""9781435249158""",0,Speak,Paperback,221,2006,2005,,2026/06/14,,,read,,,,1,0
18521,A Room of One’s Own,Virginia Woolf,"Woolf, Virginia",,"=""""","=""""",0,Penguin Books,Paperback,112,2000,1929,,2026/06/28,,,read,,,,1,0
1381,The Odyssey,Homer,"Homer, Homer","Robert Fagles, Bernard Knox","=""0143039954""","=""9780143039952""",0,Penguin Classics ,Paperback,541,2006,-750,,2026/06/28,,,read,,,,1,0
53137938,The Things We Leave Unfinished,Rebecca Yarros,"Yarros, Rebecca",,"=""1682815668""","=""9781682815663""",0,Entangled: Amara,Paperback,448,2021,2021,,2026/06/20,,,read,,,,1,0
194366,"The Return of Sherlock Holmes (Sherlock Holmes, #6)",Arthur Conan Doyle,"Doyle, Arthur Conan","Owen Dudley Edwards, Angus Wilson, Richard Lancelyn Green","=""0192123173""","=""9780192123176""",0,Oxford University Press,Hardcover,455,1993,1904,,2026/06/14,,,read,,,,1,0
135479,Cat’s Cradle,Kurt Vonnegut Jr.,"Jr., Kurt Vonnegut",,"=""""","=""""",0,Penguin,Paperback,306,1999,1963,,2026/06/14,,,read,,,,1,0
215526423,An Abundance of Katherines,John  Green,"Green, John",,"=""""","=""""",0,Speak ,Kindle Edition,260,2024,2006,,2026/06/14,,,read,,,,1,0
1852,The Call of the Wild,Jack London,"London, Jack",Avi,"=""""","=""""",0,Scholastic,Mass Market Paperback,172,2001,1903,,2026/06/14,,,read,,,,1,0
43035,White Fang,Jack London,"London, Jack",K.A. Applegate,"=""""","=""""",0,Scholastic Paperbacks,Paperback,252,2001,1906,,2026/06/14,,,read,,,,1,0
33413128,"Beartown (Beartown, #1)",Fredrik Backman,"Backman, Fredrik",Neil Smith,"=""""","=""""",0,Simon & Schuster,ebook,432,2017,2016,,2026/07/04,to-read,to-read (#37),to-read,,,,0,0
217163697,My Friends,Fredrik Backman,"Backman, Fredrik",Neil   Smith,"=""1982112824""","=""9781982112820""",0,Atria Books,Hardcover,436,2025,2025,,2026/07/04,to-read,to-read (#36),to-read,,,,0,0
49127718,Anxious People,Fredrik Backman,"Backman, Fredrik",Neil   Smith,"=""198216963X""","=""9781982169633""",0,Atria Publishing,Hardcover,336,2019,2019,,2026/06/20,,,read,,,,1,0
18007564,The Martian,Andy Weir,"Weir, Andy",,"=""0804139024""","=""9780804139021""",0,Crown Publishers,Hardcover,369,2014,2011,,2026/06/20,,,read,,,,1,0
6493208,The Immortal Life of Henrietta Lacks,Rebecca Skloot,"Skloot, Rebecca",,"=""1400052173""","=""9781400052172""",0,Crown Publishing Group,Hardcover,370,2010,2010,,2026/06/30,to-read,to-read (#35),to-read,,,,0,0
127152907,In the Likely Event,Rebecca Yarros,"Yarros, Rebecca",,"=""1662511566""","=""9781662511561""",0,Montlake,Kindle Edition,348,2023,2023,,2026/06/20,,,read,,,,1,0
166997,Stoner,John  Williams,"Williams, John",John McGahern,"=""1590171993""","=""9781590171998""",0,New York Review Books,Paperback,292,2006,1965,,2026/06/28,,,read,,,,1,0
238226942,Yesteryear,Caro Claire Burke,"Burke, Caro Claire",,"=""""","=""""",0,Knopf,Hardcover,400,2026,2026,,2026/06/28,,,read,,,,1,0
355697,All Quiet on the Western Front,Erich Maria Remarque,"Remarque, Erich Maria",Arthur Wesley Wheen,"=""0449213943""","=""9780449213940""",0,Ballantine Books,Mass Market Paperback,296,1987,1928,,2026/06/28,,,read,,,,1,0
242376245,Theo of Golden,Allen  Levi,"Levi, Allen",,"=""1668236516""","=""9781668236512""",0,Atria Books,Paperback,387,2025,2023,,2026/06/28,,,read,,,,1,0
223001257,The Correspondent,Virginia      Evans,"Evans, Virginia",,"=""0593798430""","=""9780593798430""",0,Crown Publishing,Hardcover,285,2025,2025,,2026/06/28,,,read,,,,1,0
91274427,What You Are Looking for Is in the Library,Michiko Aoyama,"Aoyama, Michiko",Alison Watts,"=""1335005625""","=""9781335005625""",0,Hanover Square Press,Hardcover,304,2023,2020,,2026/06/28,,,read,,,,1,0
205363984,Taiwan Travelogue,Yáng Shuāng-zǐ,"Shuāng-zǐ, Yáng","楊双子, Lin King","=""1644453150""","=""9781644453155""",0,Graywolf Press,Paperback,298,2024,2020,,2026/06/28,,,read,,,,1,0
156512861,A Perfect Day to Be Alone,Nanae Aoyama,"Aoyama, Nanae",Jesse Kirkwood,"=""152942769X""","=""9781529427691""",0,MacLehose Press,Kindle Edition,160,2024,2007,,2026/06/28,,,read,,,,1,0
23919,The Complete Stories and Poems,Edgar Allan Poe,"Poe, Edgar Allan",,"=""0385074077""","=""9780385074070""",0,"Doubleday & Company, Inc.",Hardcover,821,1984,1849,,2026/06/28,,,read,,,,1,0
14942,Mrs. Dalloway,Virginia Woolf,"Woolf, Virginia",Maureen Howard,"=""0151009988""","=""9780151009985""",0,Houghton Mifflin Harcourt,Hardcover,194,2002,1925,,2026/06/28,,,read,,,,1,0
30597,The Hunchback of Notre-Dame,Victor Hugo,"Hugo, Victor","Walter J. Cobb, Lucie Konvičková","=""0451527887""","=""9780451527882""",0,Signet Classics,Paperback,510,2001,1831,,2026/06/28,to-read,to-read (#34),to-read,,,,0,0
24280,Les Misérables,Victor Hugo,"Hugo, Victor","Norman MacAfee, Charles E. Wilbour, Lee Fahnestock, Isabel Florence Hapgood","=""0451525264""","=""9780451525260""",0,Signet Classics,Mass Market Paperback,1488,1987,1862,,2026/06/28,,,read,,,,1,0
77265004,The Iliad,Homer,"Homer, Homer",Emily Wilson,"=""1324001801""","=""9781324001805""",0,W. W. Norton & Company,Hardcover,848,2023,-750,,2026/06/28,,,read,,,,1,0
18386,The Death of Ivan Ilych,Leo Tolstoy,"Tolstoy, Leo","Aylmer Maude, Louise Maude","=""""","=""""",0,Waking Lion Press,Paperback,86,2006,1886,,2026/06/28,to-read,to-read (#33),to-read,,,,0,0
656,War and Peace,Leo Tolstoy,"Tolstoy, Leo","Aylmer Maude, Louise Maude","=""0192833987""","=""9780192833983""",0,Oxford University Press,Paperback,1392,1998,1868,,2026/06/28,,,read,,,,1,0
15823480,Anna Karenina,Leo Tolstoy,"Tolstoy, Leo","Aylmer Maude, Louise Maude, Dieter Wellershoff, Bruno Goetz, Lev Tolstoj","=""0345803922""","=""9780345803924""",0,Vintage,Paperback,964,2012,1878,,2026/06/28,,,read,,,,1,0
12296,The Scarlet Letter,Nathaniel Hawthorne,"Hawthorne, Nathaniel","Nina Baym, Thomas E. Connolly","=""0142437263""","=""9780142437261""",0,Penguin Books,Paperback,279,2002,1850,,2026/06/28,,,read,,,,1,0
12857,The Gambler,Fyodor Dostoevsky,"Dostoevsky, Fyodor",Constance Garnett,"=""""","=""""",0,Modern Library,Paperback,188,2003,1866,,2026/06/28,to-read,to-read (#32),to-read,,,,0,0
12505,The Idiot,Fyodor Dostoevsky,"Dostoevsky, Fyodor","Anna Brailovsky, Joseph Frank, Constance Garnett","=""0679642420""","=""9780679642428""",0,Modern Library,Paperback,667,2003,1869,,2026/06/28,to-read,to-read (#31),to-read,,,,0,0
49455,Notes from Underground,Fyodor Dostoevsky,"Dostoevsky, Fyodor","Richard Pevear, Larissa Volokhonsky, Donald Fanger","=""067973452X""","=""9780679734529""",0,Vintage Classics,Paperback,136,1994,1864,,2026/06/28,to-read,to-read (#30),to-read,,,,0,0
1772910,White Nights,Fyodor Dostoevsky,"Dostoevsky, Fyodor",Olga Shartse,"=""""","=""""",0,,Paperback,82,1848,1848,,2026/06/28,to-read,to-read (#29),to-read,,,,0,0
4934,The Brothers Karamazov,Fyodor Dostoevsky,"Dostoevsky, Fyodor","Richard Pevear, Larissa Volokhonsky","=""0374528373""","=""9780374528379""",0,"Farrar, Straus and Giroux",Paperback,796,2002,1879,,2026/06/28,,,read,,,,1,0
7144,Crime and Punishment,Fyodor Dostoevsky,"Dostoevsky, Fyodor","David McDuff, Joseph Frank, Fyodor Dostoyevsky","=""""","=""""",0,Penguin,Paperback,671,2002,1866,,2026/06/28,,,read,,,,1,0
8677004,The Art of Readable Code: Simple and Practical Techniques for Writing Better Code,Dustin Boswell,"Boswell, Dustin",Trevor Foucher,"=""0596802293""","=""9780596802295""",0,O'Reilly Media,Paperback,204,2011,2010,,2026/06/28,,,read,,,,1,0
198902277,The Wedding People,Alison Espach,"Espach, Alison",,"=""""","=""""",0,Henry Holt and Company,Hardcover,367,2024,2024,,2026/06/28,,,read,,,,1,0
112975658,The Frozen River,Ariel Lawhon,"Lawhon, Ariel",,"=""0385546874""","=""9780385546874""",0,Doubleday,Hardcover,448,2023,2023,,2026/06/28,,,read,,,,1,0
18045891,Sharp Objects,Gillian Flynn,"Flynn, Gillian",,"=""0297851535""","=""9780297851530""",0,Broadway Paperbacks,Paperback,254,2007,2006,,2026/06/28,to-read,to-read (#27),to-read,,,,0,0
5886881,Dark Places,Gillian Flynn,"Flynn, Gillian",,"=""0307341569""","=""9780307341563""",0,Shaye Areheart Books,Hardcover,424,2009,2009,,2026/06/28,to-read,to-read (#28),to-read,,,,0,0
19288043,Gone Girl,Gillian Flynn,"Flynn, Gillian",,"=""0307588378""","=""9780307588371""",0,Ballantine Books,Paperback,415,2014,2012,,2026/06/28,,,read,,,,1,0
127280850,Weyward,Emilia Hart,"Hart, Emilia",,"=""1250842727""","=""9781250842725""",0,Griffin,Paperback,392,2024,2023,,2026/06/28,,,read,,,,1,0
217182446,Strangers in Time,David Baldacci,"Baldacci, David",,"=""1538742055""","=""9781538742051""",0,Grand Central Publishing,Hardcover,435,2025,2025,,2026/06/28,,,read,,,,1,0
128029,A Thousand Splendid Suns,Khaled Hosseini,"Hosseini, Khaled",,"=""1594489505""","=""9781594489501""",0,Riverhead Books,Hardcover,372,2007,2007,,2026/06/28,to-read,to-read (#26),to-read,,,,0,0
17165596,The Kite Runner,Khaled Hosseini,"Hosseini, Khaled",,"=""""","=""""",0,Riverhead Books,Paperback,371,2013,2003,,2026/06/28,,,read,,,,1,0
211200239,"Lights Out (Into Darkness, #1)",Navessa Allen,"Allen, Navessa",,"=""1638932239""","=""9781638932239""",0,Slowburn,Paperback,416,2024,2024,,2026/06/28,,,read,,,,1,0
63880836,The Postcard,Anne Berest,"Berest, Anne",Tina Kover,"=""""","=""""",0,Europa Editions,Hardcover,464,2023,2021,,2026/06/28,,,read,,,,1,0
169485073,"The Strength of the Few (Hierarchy, #2)",James Islington,"Islington, James",,"=""""","=""""",0,Text Publishing,Hardcover,736,2025,2025,,2026/06/28,,,read,,,,1,0
58416952,"The Will of the Many (Hierarchy, #1)",James Islington,"Islington, James",,"=""1982141190""","=""9781982141196""",0,Gallery / Saga Press,Kindle Edition,640,2023,2023,,2026/06/28,,,read,,,,1,0
1842,"Guns, Germs, and Steel: The Fates of Human Societies",Jared Diamond,"Diamond, Jared",,"=""0739467352""","=""9780739467350""",0,W.W. Norton & Company,Paperback,498,2005,1997,,2026/06/14,,,read,,,,1,0
10603,Cujo,Stephen  King,"King, Stephen",María Antonia Menini,"=""0307348245""","=""9780307348241""",0,Debolsillo,Mass Market Paperback,432,2006,1981,,2026/06/14,,,read,,,,1,0
16130549,"Doctor Sleep (The Shining, #2)",Stephen  King,"King, Stephen",,"=""1476727651""","=""9781476727653""",0,Scribner,Hardcover,531,2013,2013,,2026/06/14,,,read,,,,1,0
215583234,Counterattacks at Thirty,Sohn Won-Pyung,"Won-Pyung, Sohn",Sean Lin Halbert,"=""0063378108""","=""9780063378100""",0,HarperVia,Hardcover,234,2025,2017,,2026/06/23,,,read,,,,1,0
52219386,Almond,Sohn Won-Pyung,"Won-Pyung, Sohn",Joosun Lee,"=""0062961373""","=""9780062961372""",0,HarperVia,Hardcover,272,2020,2017,,2026/06/23,,,read,,,,1,0
88077,The Magic Mountain,Thomas Mann,"Mann, Thomas",John E. Woods,"=""""","=""9780593688137""",0,Vintage,Kindle Edition,706,1996,1924,,2026/06/23,,,read,,,,1,0
5129,Brave New World,Aldous Huxley,"Huxley, Aldous",,"=""0060929871""","=""9780060929879""",0,HarperPerennial / Perennial Classics,Paperback,288,1998,1932,,2026/06/23,,,read,,,,1,0
101673225,Land of Milk and Honey,C Pam Zhang,"Zhang, C Pam",,"=""0593538242""","=""9780593538241""",0,Riverhead Books,Hardcover,240,2023,2023,,2026/06/23,,,read,,,,1,0
23168277,"The Sympathizer (The Sympathizer, #1)",Viet Thanh Nguyen,"Nguyen, Viet Thanh",,"=""0802123457""","=""9780802123459""",0,Grove Press,Hardcover,384,2015,2015,,2026/06/23,,,read,,,,1,0
65215321,Blackouts,Justin Torres,"Torres, Justin",,"=""0374293570""","=""9780374293574""",0,"Farrar, Straus and Giroux",Hardcover,306,2023,2023,,2026/06/23,,,read,,,,1,0
55196813,"The Maid (Molly the Maid, #1)",Nita Prose,"Prose, Nita",,"=""0593356152""","=""9780593356159""",0,Ballantine Books,Hardcover,289,2022,2022,,2026/06/23,,,read,,,,1,0
397483,"The Devil in the White City: Murder, Magic, and Madness at the Fair That Changed America",Erik Larson,"Larson, Erik",,"=""0609608444""","=""9780609608449""",0,Crown Publishers,Hardcover,464,2003,2003,,2026/06/23,to-read,to-read (#25),to-read,,,,0,0
195608683,"The Demon of Unrest: A Saga of Hubris, Heartbreak, and Heroism at the Dawn of the Civil War",Erik Larson,"Larson, Erik",,"=""0385348746""","=""9780385348744""",0,Crown,Hardcover,592,2024,2024,,2026/06/23,,,read,,,,1,0
37442,"Wicked: The Life and Times of the Wicked Witch of the West (The Wicked Years, #1)",Gregory Maguire,"Maguire, Gregory",Douglas Smith,"=""""","=""""",0,ReganBooks,Paperback,406,2000,1995,,2026/06/23,,,read,,,,1,0
50706471,Midwinter Murder: Fireside Tales from the Queen of Mystery,Agatha Christie,"Christie, Agatha",,"=""0063030365""","=""9780063030367""",0,William Morrow Paperbacks,Paperback,305,2020,2020,,2026/06/22,to-read,to-read (#24),to-read,,,,0,0
102311,"Postern of Fate (Tommy and Tuppence Mysteries, #5)",Agatha Christie,"Christie, Agatha",,"=""0007111487""","=""9780007111480""",0,HarperCollins,Mass Market Paperback,256,2001,1973,,2026/06/22,,,read,,,,1,0
310224,Passenger to Frankfurt,Agatha Christie,"Christie, Agatha",,"=""0007154925""","=""9780007154920""",0,Harper,Paperback,363,2003,1970,,2026/06/22,,,read,,,,1,0
538605,Hercule Poirot: The Complete Short Stories,Agatha Christie,"Christie, Agatha",,"=""""","=""""",0,Harper Collins,Paperback,864,1999,1999,,2026/06/22,,,read,,,,1,0
310226,Destination Unknown,Agatha Christie,"Christie, Agatha",,"=""0007154909""","=""9780007154906""",0,Harpercollins Pb,Paperback,316,2003,1954,,2026/06/22,,,read,,,,1,0
16325,"Partners in Crime (Tommy & Tuppence Mysteries, #2)",Agatha Christie,"Christie, Agatha",,"=""0007111509""","=""9780007111503""",0,Harpercollins Pb,Paperback,347,2001,1929,,2026/06/22,,,read,,,,1,0
594134,"By the Pricking of My Thumbs (Tommy and Tuppence Mysteries, #4)",Agatha Christie,"Christie, Agatha",,"=""0451200527""","=""9780451200525""",0,Signet,Paperback,212,2000,1968,,2026/06/22,,,read,,,,1,0
140337,They Came to Baghdad,Agatha Christie,"Christie, Agatha",,"=""0007154933""","=""9780007154937""",0,HarperCollins,Paperback,368,2003,1951,,2026/06/22,,,read,,,,1,0
121645,Death Comes as the End,Agatha Christie,"Christie, Agatha",Steven Saylor,"=""0312981619""","=""9780312981617""",0,St. Martin's Paperbacks,Mass Market Paperback,267,2002,1944,,2026/06/22,,,read,,,,1,0
121646,"Murder in the Mews (Hercule Poirot, #16)",Agatha Christie,"Christie, Agatha","Hugh Fraser, Nigel Hawthorne","=""1572702842""","=""9781572702844""",0,AudioGO,Audio CD,5,2002,1937,,2026/06/22,,,read,,,,1,0
102313,"N or M? (Tommy & Tuppence Mysteries, #3)",Agatha Christie,"Christie, Agatha",,"=""0007111452""","=""9780007111459""",0,HarperCollins,Paperback,304,2001,1941,,2026/06/22,,,read,,,,1,0
16308,"Taken at the Flood (Hercule Poirot, #27)",Agatha Christie,"Christie, Agatha",,"=""0007121016""","=""9780007121014""",0,HarperCollins Publishers Ltd,Paperback,352,2002,1948,,2026/06/22,,,read,,,,1,0
16339,The Sittaford Mystery,Agatha Christie,"Christie, Agatha",,"=""0007136846""","=""9780007136841""",0,HarperCollins Publishers Ltd.,Paperback,248,2002,1931,,2026/06/22,,,read,,,,1,0
16425,"The Labours of Hercules (Hercule Poirot, #26)",Agatha Christie,"Christie, Agatha",Hugh Fraser,"=""1572704578""","=""9781572704572""",0,BBC Audiobooks America,Audio CD,9,2005,1947,,2026/06/22,,,read,,,,1,0
12168274,"Towards Zero (Superintendent Battle, #5)",Agatha Christie,"Christie, Agatha",,"=""""","=""""",0,William Morrow ,Kindle Edition,259,2010,1944,,2026/06/22,,,read,,,,1,0
909932,Ordeal by Innocence,Agatha Christie,"Christie, Agatha",,"=""0312981627""","=""9780312981624""",0,Minotaur Books,Mass Market Paperback,288,2002,1958,,2026/06/22,,,read,,,,1,0
131374,"Murder Is Easy  (Superintendent Battle, #4)",Agatha Christie,"Christie, Agatha",,"=""0312979827""","=""9780312979829""",0,Minotaur Books,Paperback,277,2001,1939,,2026/06/22,,,read,,,,1,0
690146,"The Adventure of the Christmas Pudding (Hercule Poirot, #37)",Agatha Christie,"Christie, Agatha",,"=""0007121083""","=""9780007121083""",0,Harper,Paperback,304,2002,1960,,2026/06/22,,,read,,,,1,0
95382,"The Pale Horse (Ariadne Oliver, #5)",Agatha Christie,"Christie, Agatha",,"=""0312981716""","=""9780312981716""",0,Minotaur Books,Mass Market Paperback,288,2002,1961,,2026/06/22,,,read,,,,1,0
16361,"The Secret of Chimneys (Superintendent Battle, #1)",Agatha Christie,"Christie, Agatha",,"=""0007122586""","=""9780007122585""",0,HarperCollins Publishers Ltd.,Paperback,400,2001,1925,,2026/06/22,,,read,,,,1,0
16332,"Third Girl (Hercule Poirot, #40)",Agatha Christie,"Christie, Agatha",,"=""0007121105""","=""9780007121106""",0,HarperCollins,Paperback,365,2002,1966,,2026/06/22,,,read,,,,1,0
16329,"Dead Man's Folly (Hercule Poirot, #35)",Agatha Christie,"Christie, Agatha",David Suchet,"=""1572705477""","=""9781572705470""",0,BBC Audiobooks,Audio CD,6,2006,1956,,2026/06/22,,,read,,,,1,0
31299,"Hickory Dickory Dock (Hercule Poirot, #31)",Agatha Christie,"Christie, Agatha",Hugh Fraser,"=""1572705647""","=""9781572705647""",0,Blackstone Publishing,Audiobook,,2010,1955,,2026/06/22,,,read,,,,1,0
121622,"Mrs. McGinty's Dead (Hercule Poirot, #29)",Agatha Christie,"Christie, Agatha",Hugh Fraser,"=""1572707313""","=""9781572707313""",0,AudioGO,Audio CD,244,2007,1952,,2026/06/22,,,read,,,,1,0
102303,Why Didn't They Ask Evans?,Agatha Christie,"Christie, Agatha",,"=""0312981597""","=""9780312981594""",0,Minotaur Books,Mass Market Paperback,288,2002,1934,,2026/06/22,,,read,,,,1,0
388018,"The Clocks (Hercule Poirot, #39)",Agatha Christie,"Christie, Agatha",Robin  Bailey,"=""1572703938""","=""9781572703933""",0,Audio Partners,Audio Cassette,8,2004,1963,,2026/06/22,,,read,,,,1,0
483103,"The Seven Dials Mystery (Superintendent Battle, #2)",Agatha Christie,"Christie, Agatha",,"=""0007122594""","=""9780007122592""",0,Harper Collins,Paperback,375,2001,1929,,2026/06/22,,,read,,,,1,0
212622,"Sparkling Cyanide  (Colonel Race, #4)",Agatha Christie,"Christie, Agatha",,"=""0007136854""","=""9780007136858""",0,HarperCollins,Paperback,336,2002,1945,,2026/06/22,,,read,,,,1,0
16303,"The Hollow (Hercule Poirot, #25)",Agatha Christie,"Christie, Agatha",,"=""0007121024""","=""9780007121021""",0,HarperCollins,Paperback,384,2002,1946,,2026/06/22,,,read,,,,1,0
16312,"One, Two, Buckle My Shoe (Hercule Poirot, #22)",Agatha Christie,"Christie, Agatha",Hugh Fraser,"=""1572703857""","=""9781572703858""",0,HarperCollins Publishers,Paperback,232,2004,1940,,2026/06/22,,,read,,,,1,0
16366,Endless Night,Agatha Christie,"Christie, Agatha",,"=""0007151675""","=""9780007151677""",0,Harper,Paperback,303,2007,1967,,2026/06/22,,,read,,,,1,0
16333,"At Bertram's Hotel (Miss Marple, #10)",Agatha Christie,"Christie, Agatha",,"=""""","=""""",0,HarperCollins,Paperback,223,2002,1965,,2026/06/22,,,read,,,,1,0
68930,"They Do It With Mirrors (Miss Marple, #5)",Agatha Christie,"Christie, Agatha",,"=""0451199901""","=""9780451199904""",0,Signet,Mass Market Paperback,224,2000,1952,,2026/06/22,,,read,,,,1,0
31304,"Nemesis (Miss Marple, #11)",Agatha Christie,"Christie, Agatha",,"=""0451200187""","=""9780451200181""",0,Signet,Mass Market Paperback,213,2000,1971,,2026/06/22,,,read,,,,1,0
148584,"Elephants Can Remember (Hercule Poirot, #42)",Agatha Christie,"Christie, Agatha",,"=""0425067823""","=""9780425067826""",0,Berkley,Paperback,212,1984,1972,,2026/06/22,,,read,,,,1,0
433035,"Sad Cypress (Hercule Poirot, #21)",Agatha Christie,"Christie, Agatha",,"=""""","=""""",0,Harpercollins Pb,Paperback,336,2001,1940,,2026/06/22,,,read,,,,1,0
140360,"Three Act Tragedy (Hercule Poirot, #11)",Agatha Christie,"Christie, Agatha",,"=""0425205975""","=""9780425205976""",0,Berkley,Mass Market Paperback,336,2005,1935,,2026/06/22,,,read,,,,1,0
16344,"Dumb Witness (Hercule Poirot, #17)",Agatha Christie,"Christie, Agatha",,"=""0007120796""","=""9780007120796""",0,HarperCollins,Paperback,317,2002,1937,,2026/06/22,,,read,,,,1,0
527744,"After the Funeral (Hercule Poirot, #30)",Agatha Christie,"Christie, Agatha",,"=""0425173909""","=""9780425173909""",0,Berkley,Mass Market Paperback,256,2000,1953,,2026/06/22,,,read,,,,1,0
16342,"Cat Among the Pigeons (Hercule Poirot, #36)",Agatha Christie,"Christie, Agatha",,"=""0425205967""","=""9780425205969""",0,Berkley,Mass Market Paperback,352,2005,1959,,2026/06/22,,,read,,,,1,0
81903,"Curtain (Hercule Poirot, #44)",Agatha Christie,"Christie, Agatha",,"=""0425173747""","=""9780425173749""",0,Berkley,Mass Market Paperback,215,2000,1975,,2026/06/22,,,read,,,,1,0
31300,"A Caribbean Mystery (Miss Marple, #9)",Agatha Christie,"Christie, Agatha",,"=""0451199928""","=""9780451199928""",0,Signet,Mass Market Paperback,224,2000,1964,,2026/06/22,,,read,,,,1,0
16300,"Sleeping Murder (Miss Marple, #12)",Agatha Christie,"Christie, Agatha",,"=""0002317850""","=""9780002317856""",0,Dodd Mead,Hardcover,242,2003,1976,,2026/06/22,,,read,,,,1,0
834378,"A Pocket Full of Rye  (Miss Marple, #6)",Agatha Christie,"Christie, Agatha",,"=""0451199863""","=""9780451199867""",0,Signet,Mass Market Paperback,220,2000,1953,,2026/06/22,,,read,,,,1,0
16372,"The Mirror Crack'd From Side to Side (Miss Marple, #8)",Agatha Christie,"Christie, Agatha",,"=""0007120982""","=""9780007120987""",0,HarperCollins,Paperback,351,2002,1962,,2026/06/22,,,read,,,,1,0
16341,"The Moving Finger (Miss Marple, #3)",Agatha Christie,"Christie, Agatha",,"=""0007120842""","=""9780007120840""",0,Harper Collins,Paperback,299,2012,1942,,2026/06/22,,,read,,,,1,0
215492,"Lord Edgware Dies (Hercule Poirot, #9)",Agatha Christie,"Christie, Agatha",,"=""0002314576""","=""9780002314572""",0,Collins for the Crime Club ,Paperback,219,1977,1933,,2026/06/22,,,read,,,,1,0
16326,"Death in the Clouds (Hercule Poirot, #12)",Agatha Christie,"Christie, Agatha",Hugh Fraser,"=""000711933X""","=""9780007119332""",0,HarperCollins,Paperback,336,2001,1935,,2026/06/22,,,read,,,,1,0
16316,"The Big Four (Hercule Poirot, #5)",Agatha Christie,"Christie, Agatha",,"=""0007120818""","=""9780007120819""",0,HarperCollinsPublishers,Paperback,272,2002,1927,,2026/06/22,,,read,,,,1,0
16363,"Appointment with Death (Hercule Poirot, #19)",Agatha Christie,"Christie, Agatha",,"=""0007119356""","=""9780007119356""",0,HarperCollins,Paperback,303,2008,1938,,2026/06/22,,,read,,,,1,0
49596,"The Secret Adversary (Tommy and Tuppence Mysteries, #1)",Agatha Christie,"Christie, Agatha",,"=""1600963943""","=""9781600963940""",0,Waking Lion Press,Paperback,266,2007,1922,,2026/06/22,,,read,,,,1,0
16360,"Murder in Mesopotamia (Hercule Poirot, #14)",Agatha Christie,"Christie, Agatha",,"=""0007113803""","=""9780007113804""",0,Harper,Paperback,264,2001,1936,,2026/06/22,,,read,,,,1,0
16297,"Cards on the Table (Hercule Poirot, #15)",Agatha Christie,"Christie, Agatha",,"=""0425205959""","=""9780425205952""",0,Berkley,Mass Market Paperback,324,2005,1936,,2026/06/22,,,read,,,,1,0
57806251,"Poirot Investigates (Hercule Poirot, #3)",Agatha Christie,"Christie, Agatha",,"=""1736062883""","=""9781736062883""",0,Warbler Classics,Paperback,191,2020,1924,,2026/06/22,,,read,,,,1,0
140278,"4:50 From Paddington (Miss Marple, #7)",Agatha Christie,"Christie, Agatha",,"=""1579126936""","=""9781579126933""",0,Black Dog & Leventhal Publishers,Hardcover,286,2007,1957,,2026/06/22,,,read,,,,1,0
16335,"The Mystery of the Blue Train (Hercule Poirot, #6)",Agatha Christie,"Christie, Agatha",,"=""1579126952""","=""9781579126957""",0,Black Dog & Leventhal Publishers,Hardcover,317,2007,1928,,2026/06/22,,,read,,,,1,0
16424,"Peril at End House (Hercule Poirot, #8)",Agatha Christie,"Christie, Agatha",,"=""0007119305""","=""9780007119301""",0,HarperCollins,Paperback,287,2001,1932,,2026/06/22,,,read,,,,1,0
16298,"A Murder Is Announced (Miss Marple, #4)",Agatha Christie,"Christie, Agatha",,"=""1579126294""","=""9781579126292""",0,Black Dog & Leventhal Pub,Hardcover,288,2006,1950,,2026/06/22,,,read,,,,1,0
16305,"Evil Under the Sun (Hercule Poirot, #23)",Agatha Christie,"Christie, Agatha",,"=""1579126286""","=""9781579126285""",0,Black Dog & Leventhal,Hardcover,220,2006,1941,,2026/06/22,,,read,,,,1,0
16307,"Hallowe'en Party (Hercule Poirot, #41)",Agatha Christie,"Christie, Agatha",,"=""0007120680""","=""9780007120680""",0,Harper,Paperback,336,2001,1969,,2026/06/22,,,read,,,,1,0
121648,"Five Little Pigs (Hercule Poirot, #24)",Agatha Christie,"Christie, Agatha",,"=""""","=""""",0,Berkley,Mass Market Paperback,216,1984,1942,,2026/06/22,,,read,,,,1,0
16315,Crooked House,Agatha Christie,"Christie, Agatha",,"=""031298166X""","=""9780312981662""",0,Minotaur Books,Mass Market Paperback,276,2002,1949,,2026/06/22,,,read,,,,1,0
16349,"Hercule Poirot's Christmas (Hercule Poirot, #20)",Agatha Christie,"Christie, Agatha",,"=""0007120699""","=""9780007120697""",0,Harper Collins Publishers,Paperback,335,2001,1938,,2026/06/22,,,read,,,,1,0
51132354,"The Murder on the Links (Hercule Poirot, #2)",Agatha Christie,"Christie, Agatha",,"=""1734452552""","=""9781734452556""",0,Warbler Classics,Paperback,240,2020,1923,,2026/06/22,,,read,,,,1,0
209194,"The Man in the Brown Suit (Colonel Race, #1)",Agatha Christie,"Christie, Agatha",,"=""0007151667""","=""9780007151660""",0,Harper,Paperback,381,2002,1924,,2026/06/22,,,read,,,,1,0
16319,"The Body in the Library (Miss Marple, #2)",Agatha Christie,"Christie, Agatha",,"=""157912626X""","=""9781579126261""",0,Black Dog & Leventhal Publishers,Hardcover,191,2006,1942,,2026/06/22,,,read,,,,1,0
16322,"The A.B.C. Murders (Hercule Poirot, #13)",Agatha Christie,"Christie, Agatha",,"=""1579126243""","=""9781579126247""",0,Black Dog & Leventhal Pub,Hardcover,207,2006,1936,,2026/06/22,,,read,,,,1,0
16331,"Murder at the Vicarage (Miss Marple, #1)",Agatha Christie,"Christie, Agatha",,"=""1579126251""","=""9781579126254""",0,Black Dog & Leventhal Publishers,Hardcover,288,2006,1930,,2026/06/22,,,read,,,,1,0
131359,"Death on the Nile (Hercule Poirot, #18)",Agatha Christie,"Christie, Agatha",,"=""""","=""""",0,Bantam Books,Paperback,352,1978,1937,,2026/06/22,,,read,,,,1,0
16328,"The Murder of Roger Ackroyd (Hercule Poirot, #4)",Agatha Christie,"Christie, Agatha",,"=""1579126278""","=""9781579126278""",0,Black Dog & Leventhal Pub,Hardcover,288,2006,1926,,2026/06/22,,,read,,,,1,0
52843028,"The Mysterious Affair at Styles (Hercule Poirot, #1)",Agatha Christie,"Christie, Agatha",,"=""1734452595""","=""9781734452594""",0,Warbler Classics,Paperback,174,2020,1920,,2026/06/22,,,read,,,,1,0
853510,"Murder on the Orient Express (Hercule Poirot, #10)",Agatha Christie,"Christie, Agatha",,"=""0007119313""","=""9780007119318""",0,HarperCollins,Paperback,347,2007,1934,,2026/06/22,,,read,,,,1,0
16299,And Then There Were None,Agatha Christie,"Christie, Agatha",,"=""0312330871""","=""9780312330873""",0,St. Martin's Griffin,Paperback,264,2004,1939,,2026/06/22,,,read,,,,1,0
37642030,The Hunting Party,Lucy Foley,"Foley, Lucy",,"=""0008297126""","=""9780008297121""",0,HarperCollins UK,Paperback,406,2019,2018,,2026/06/20,to-read,to-read (#23),to-read,,,,0,0
58468990,The Paris Apartment,Lucy Foley,"Foley, Lucy",,"=""0063003058""","=""9780063003057""",0,William Morrow,Hardcover,360,2022,2022,,2026/06/20,to-read,to-read (#22),to-read,,,,0,0
52656911,The Guest List,Lucy Foley,"Foley, Lucy",,"=""""","=""""",0,William Morrow,Kindle Edition,319,2020,2020,,2026/06/20,,,read,,,,1,0
216971226,"The Fate of the Day: The War for America, Fort Ticonderoga to Charleston, 1777-1780 (Revolution Trilogy, #2)",Rick Atkinson,"Atkinson, Rick",,"=""0593799186""","=""9780593799185""",0,Crown,Hardcover,880,2025,2025,,2026/06/20,,,read,,,,1,0
41812830,"The British Are Coming: The War for America, Lexington to Princeton, 1775-1777",Rick Atkinson,"Atkinson, Rick",John Sterling,"=""1627790438""","=""9781627790437""",0,Henry Holt and Co.,Hardcover,776,2019,2019,,2026/06/20,,,read,,,,1,0
40180098,The Overstory,Richard Powers,"Powers, Richard",,"=""039335668X""","=""9780393356687""",0,W.W. Norton & Company,Paperback,502,2019,2018,,2026/06/20,,,read,,,,1,0
214175156,"Blood Moon (Blood, #1)",Sandra       Brown,"Brown, Sandra",,"=""1538742985""","=""9781538742983""",0,Grand Central Publishing,Hardcover,448,2025,,,2026/06/20,,,read,,,,1,0
214151202,Broken Country,Clare Leslie Hall,"Hall, Clare Leslie",,"=""166807818X""","=""9781668078181""",0,Simon & Schuster,Hardcover,319,2025,2025,,2026/06/20,,,read,,,,1,0
18710190,"Allegiant (Divergent, #3)",Veronica Roth,"Roth, Veronica",,"=""0007524277""","=""9780007524273""",0,HarperCollins Children's Book's,Hardcover,531,2013,2013,,2026/06/20,,,read,,,,1,0
11735983,"Insurgent (Divergent, #2)",Veronica Roth,"Roth, Veronica",,"=""0007442912""","=""9780007442911""",0,HarperCollins Children's Books,Hardcover,525,2012,2012,,2026/06/20,,,read,,,,1,0
13335037,"Divergent (Divergent, #1)",Veronica Roth,"Roth, Veronica",,"=""0062024035""","=""9780062024039""",0,Katherine Tegen Books,Paperback,487,2012,2011,,2026/06/20,,,read,,,,1,0
158875813,Prophet Song,Paul    Lynch,"Lynch, Paul",,"=""""","=""""",0,Oneworld Publications,ebook,259,2023,2023,,2026/06/20,,,read,,,,1,0
223436601,"Careless People: A Cautionary Tale of Power, Greed, and Lost Idealism",Sarah Wynn-Williams,"Wynn-Williams, Sarah",,"=""1250391237""","=""9781250391230""",0,Flatiron Books,Hardcover,382,2025,2025,,2026/06/20,,,read,,,,1,0
51648276,Drive Your Plow Over the Bones of the Dead,Olga Tokarczuk,"Tokarczuk, Olga","Antonia Lloyd-Jones, Beata Poźniak","=""""","=""""",0,Penguin Audio,Audible Audio,274,2019,2009,,2026/06/20,,,read,,,,1,0
32829,Journey to the Center of the Earth,Jules Verne,"Verne, Jules","Lowell Bair, Kim Stanley Robinson","=""0553213970""","=""9780553213973""",0,Bantam,Mass Market Paperback,240,1991,1864,,2026/06/20,,,read,,,,1,0
33507,Twenty Thousand Leagues Under the Sea,Jules Verne,"Verne, Jules",Anthony Bonner,"=""076072850X""","=""9780760728505""",0,Barnes & Noble,Hardcover,269,2002,1869,,2026/06/20,,,read,,,,1,0
54479,Around the World in Eighty Days,Jules Verne,"Verne, Jules","Brian W. Aldiss, Michael Glencross","=""014044906X""","=""9780140449068""",0,Penguin Books ,Paperback,252,2004,1872,,2026/06/20,,,read,,,,1,0
214298301,Ward D,Freida McFadden,"McFadden, Freida",,"=""1464233004""","=""9781464233005""",0,Poisoned Pen Press,Hardcover,320,2025,2023,,2026/06/20,,,read,,,,1,0
199798868,"Long Island (Eilis Lacey, #2)",Colm Tóibín,"Tóibín, Colm",,"=""1476785112""","=""9781476785110""",0,Scribner,Hardcover,294,2024,2024,,2026/06/20,,,read,,,,1,0
216223604,The Crash,Freida McFadden,"McFadden, Freida",,"=""1464232989""","=""9781464232985""",0,Poisoned Pen Press,Hardcover,384,2025,2025,,2026/06/20,,,read,,,,1,0
58446227,Sea of Tranquility,Emily St. John Mandel,"Mandel, Emily St. John",,"=""0593321448""","=""9780593321447""",0,Knopf,Hardcover,259,2022,2022,,2026/06/20,to-read,to-read (#21),to-read,,,,0,0
20170404,Station Eleven,Emily St. John Mandel,"Mandel, Emily St. John",,"=""0385353308""","=""9780385353304""",0,Knopf,Hardcover,333,2014,2014,,2026/06/20,,,read,,,,1,0
61215384,"The Return of the King (The Lord of the Rings, #3)",J.R.R. Tolkien,"Tolkien, J.R.R.",,"=""""","=""""",0,William Morrow,Kindle Edition,432,2022,1955,,2026/06/20,,,read,,,,1,0
61215372,"The Two Towers (The Lord of the Rings, #2)",J.R.R. Tolkien,"Tolkien, J.R.R.",,"=""""","=""""",0,William Morrow,Kindle Edition,448,2022,1954,,2026/06/20,,,read,,,,1,0
61215351,"The Fellowship of the Ring (The Lord of the Rings, #1)",J.R.R. Tolkien,"Tolkien, J.R.R.",,"=""""","=""""",0,William Morrow,Kindle Edition,432,2022,1954,,2026/06/20,,,read,,,,1,0
5907,"The Hobbit, or There and Back Again",J.R.R. Tolkien,"Tolkien, J.R.R.","Douglas A. Anderson, Michael Hague, Jemima Catlin","=""""","=""""",0,Houghton Mifflin,Paperback,366,2002,1937,,2026/06/20,,,read,,,,1,0
208503280,The Boyfriend,Freida McFadden,"McFadden, Freida",,"=""1728296226""","=""9781728296227""",0,Poisoned Pen Press,Paperback,368,2024,2024,,2026/06/20,,,read,,,,1,0
213034913,Source Code: My Beginnings,Bill  Gates,"Gates, Bill",,"=""059380158X""","=""9780593801581""",0,Knopf,Hardcover,336,2025,2025,,2026/06/20,,,read,,,,1,0
25489025,The Vegetarian,Han Kang,"Kang, Han",Deborah Smith,"=""0553448188""","=""9780553448184""",0,Hogarth,Hardcover,158,2016,2007,,2026/06/20,,,read,,,,1,0
195967140,The Teacher,Freida McFadden,"McFadden, Freida",,"=""1728296218""","=""9781728296210""",0,Poisoned Pen Press,Paperback,379,2024,2024,,2026/06/20,,,read,,,,1,0
57693457,"Mickey7 (Mickey7, #1)",Edward Ashton,"Ashton, Edward",,"=""1250275032""","=""9781250275035""",0,St. Martin's Press,Hardcover,296,2022,2022,,2026/06/20,,,read,,,,1,0
51901147,"The Ballad of Songbirds and Snakes (The Hunger Games, #0)",Suzanne Collins,"Collins, Suzanne",,"=""""","=""""",0,Scholastic Press,Kindle Edition,541,2020,2020,,2026/06/20,,,read,,,,1,0
214331246,"Sunrise on the Reaping (The Hunger Games, #0.5)",Suzanne Collins,"Collins, Suzanne",,"=""1546171460""","=""9781546171461""",0,Scholastic Press,Hardcover,387,2025,2025,,2026/06/20,,,read,,,,1,0
7260188,"Mockingjay (The Hunger Games, #3)",Suzanne Collins,"Collins, Suzanne",,"=""0439023513""","=""9780439023511""",0,Scholastic Press,Hardcover,390,2010,2010,,2026/06/20,,,read,,,,1,0
6148028,"Catching Fire (The Hunger Games, #2)",Suzanne Collins,"Collins, Suzanne",,"=""0439023491""","=""9780439023498""",0,Scholastic Press,Hardcover,391,2009,2009,,2026/06/20,,,read,,,,1,0
2767052,"The Hunger Games (The Hunger Games, #1)",Suzanne Collins,"Collins, Suzanne",,"=""0439023483""","=""9780439023481""",0,Scholastic Press,Hardcover,374,2008,2008,,2026/06/20,,,read,,,,1,0
27333,Silent Spring,Rachel Carson,"Carson, Rachel",,"=""""","=""""",0,Mariner Books,Paperback,378,2002,1962,,2026/06/20,,,read,,,,1,0
35545737,A Walk to Remember,Nicholas Sparks,"Sparks, Nicholas",,"=""""","=""""",0,Grand Central Publishing ,Kindle Edition,215,2017,1999,,2026/06/20,to-read,to-read (#20),to-read,,,,0,0
33648131,"The Notebook (The Notebook, #1)",Nicholas Sparks,"Sparks, Nicholas",,"=""""","=""""",0,Grand Central Publishing,Kindle Edition,227,2016,1996,,2026/06/20,to-read,to-read (#19),to-read,,,,0,0
205126997,Counting Miracles,Nicholas Sparks,"Sparks, Nicholas",,"=""0593449592""","=""9780593449592""",0,Random House,Hardcover,368,2024,2024,,2026/06/20,,,read,,,,1,0
34928122,Artemis,Andy Weir,"Weir, Andy",,"=""0553448129""","=""9780553448122""",0,Crown,Hardcover,305,2017,2017,,2026/06/20,to-read,to-read (#18),to-read,,,,0,0
54493401,Project Hail Mary,Andy Weir,"Weir, Andy",,"=""0593135202""","=""9780593135204""",0,Ballantine Books,Hardcover,476,2021,2021,,2026/06/20,,,read,,,,1,0
44282452,アマテラスの暗号 [Amaterasu no Angou],伊勢谷 武,"武, 伊勢谷",Iseya Takeru,"=""""","=""""",0,廣済堂出版,Kindle Edition,978,2019,,,2026/06/20,,,read,,,,1,0
42929,"Gai-Jin (Asian Saga, #3)",James Clavell,"Clavell, James",,"=""044021680X""","=""9780440216803""",0,Dell,Mass Market Paperback,1236,1994,1993,,2026/06/20,,,read,,,,1,0
9827,"King Rat (Asian Saga, #4)",James Clavell,"Clavell, James",,"=""0385333765""","=""9780385333764""",0,Dell,Paperback,368,2009,1962,,2026/06/20,,,read,,,,1,0
42933,"Tai-Pan (Asian Saga, #2)",James Clavell,"Clavell, James",,"=""""","=""""",0,Dell,Mass Market Paperback,732,2009,1966,,2026/06/20,,,read,,,,1,0
52382796,"Shōgun (Asian Saga, #1)",James Clavell,"Clavell, James",,"=""1982603844""","=""9781982603847""",0,Blackstone Publishing,Paperback,1152,2020,1975,,2026/06/20,,,read,,,,1,0
30962053,The Idiot,Elif Batuman,"Batuman, Elif",,"=""1594205612""","=""9781594205613""",0,Penguin Press,Hardcover,423,2017,2017,,2026/06/20,,,read,,,,1,0
195474144,Table for Two,Amor Towles,"Towles, Amor",,"=""0593296370""","=""9780593296370""",0,Viking,Hardcover,451,2024,2024,,2026/06/20,,,read,,,,1,0
10054335,Rules of Civility,Amor Towles,"Towles, Amor",,"=""""","=""""",0,Viking Adult,Hardcover,335,2011,2011,,2026/06/20,,,read,,,,1,0
57109107,The Lincoln Highway,Amor Towles,"Towles, Amor",,"=""0735222355""","=""9780735222359""",0,Viking,Hardcover,576,2021,2021,,2026/06/20,,,read,,,,1,0
34066798,A Gentleman in Moscow,Amor Towles,"Towles, Amor",,"=""""","=""""",0,Penguin Books,Paperback,495,2019,2016,,2026/06/20,,,read,,,,1,0
62919732,Lady Tan's Circle of Women,Lisa See,"See, Lisa",,"=""1982117087""","=""9781982117085""",0,Scribner,Hardcover,352,2023,2023,,2026/06/20,,,read,,,,1,0
200776812,Butter,Asako Yuzuki,"Yuzuki, Asako",Polly Barton,"=""0063236400""","=""9780063236400""",0,Ecco,Hardcover,464,2024,2017,,2026/06/20,,,read,,,,1,0
199698485,The God of the Woods,Liz    Moore,"Moore, Liz",,"=""""","=""""",0,Riverhead Books,Kindle Edition,562,2024,2024,,2026/06/20,,,read,,,,1,0
17333223,The Goldfinch,Donna Tartt,"Tartt, Donna",,"=""0316055433""","=""9780316055437""",0,"Little, Brown",Hardcover,771,2013,2013,,2026/06/20,,,read,,,,1,0
29044,The Secret History,Donna Tartt,"Tartt, Donna",,"=""1400031702""","=""9781400031702""",0,Vintage Books,Paperback,559,2004,1992,,2026/06/20,,,read,,,,1,0
199798179,The Ministry of Time,Kaliane Bradley,"Bradley, Kaliane",,"=""1668045141""","=""9781668045145""",0,Avid Reader Press / Simon & Schuster,Hardcover,339,2024,2024,,2026/06/20,,,read,,,,1,0
12232938,The Lovely Bones,Alice Sebold,"Sebold, Alice",,"=""0316166685""","=""9780316166683""",0,"Little, Brown and Company",Mass Market Paperback,372,2006,2002,,2026/06/20,,,read,,,,1,0
14891,A Tree Grows in Brooklyn,Betty  Smith,"Smith, Betty",,"=""0061120073""","=""9780061120077""",0,HarperCollins Publishers,Paperback,496,2006,1943,,2026/06/20,,,read,,,,1,0
42270835,The Nickel Boys,Colson Whitehead,"Whitehead, Colson",,"=""""","=""""",0,Doubleday,ebook,213,2019,2019,,2026/06/20,to-read,to-read (#17),to-read,,,,0,0
30555488,The Underground Railroad,Colson Whitehead,"Whitehead, Colson",,"=""0385542364""","=""9780385542364""",0,Doubleday,Hardcover,306,2016,2016,,2026/06/20,,,read,,,,1,0
168668,Catch-22,Joseph Heller,"Heller, Joseph",,"=""0684833395""","=""9780684833392""",0,Simon & Schuster ,Paperback,453,2004,1961,,2026/06/20,,,read,,,,1,0
19063,The Book Thief,Markus Zusak,"Zusak, Markus",,"=""""","=""""",0,Alfred A. Knopf,Kindle Edition,592,2006,2005,,2026/06/20,,,read,,,,1,0
18144590,The Alchemist,Paulo Coelho,"Coelho, Paulo",,"=""0062315005""","=""9780062315007""",0,HarperOne,Paperback,182,2014,1988,,2026/06/20,,,read,,,,1,0
41817486,A Clockwork Orange,Anthony Burgess,"Burgess, Anthony",,"=""0393341763""","=""9780393341768""",0,W. W. Norton & Company,Paperback,240,2019,1962,,2026/06/20,,,read,,,,1,0
17184,The Invisible Man,H.G. Wells,"Wells, H.G.",Scott Westerfeld,"=""0451528522""","=""9780451528520""",0,New American Library/Penguin Books,Mass Market Paperback,192,2002,1897,,2026/06/20,,,read,,,,1,0
8909,The War of the Worlds,H.G. Wells,"Wells, H.G.",Arthur C. Clarke,"=""0375759239""","=""9780375759239""",0,Random House Publishing Group,Paperback,192,2002,1898,,2026/06/20,,,read,,,,1,0
2493,The Time Machine,H.G. Wells,"Wells, H.G.","Greg Bear, Carlo Pagetti","=""""","=""""",0,Signet Classics,Paperback,118,2002,1895,,2026/06/20,to-read,to-read (#16),to-read,,,,0,0
9858081,"The Code of the Woosters (Jeeves, #7)",P.G. Wodehouse,"Wodehouse, P.G.",,"=""0393339815""","=""9780393339819""",0,W. W. Norton & Company,Paperback,272,2011,1938,,2026/06/20,,,read,,,,1,0
139400713,Martyr!,Kaveh Akbar,"Akbar, Kaveh",,"=""0593537610""","=""9780593537619""",0,Knopf,Hardcover,332,2024,2024,,2026/06/20,,,read,,,,1,0
25451264,"Death's End (Remembrance of Earth’s Past, #3)",Liu Cixin,"Cixin, Liu",Ken Liu,"=""0765377101""","=""9780765377104""",0,TOR,Hardcover,604,2016,2010,,2026/06/20,,,read,,,,1,0
23168817,"The Dark Forest (Remembrance of Earth’s Past, #2)",Liu Cixin,"Cixin, Liu",Joel Martinsen,"=""""","=""""",0,Tor Books,Hardcover,512,2015,2008,,2026/06/20,,,read,,,,1,0
20518872,"The Three-Body Problem (Remembrance of Earth’s Past, #1)",Liu Cixin,"Cixin, Liu",Ken Liu,"=""""","=""""",0,Tor Books,Hardcover,472,2014,2006,,2026/06/20,,,read,,,,1,0
133938826,Welcome to the Hyunam-Dong Bookshop,Hwang Bo-Reum,"Bo-Reum, Hwang",Shanna Tan,"=""""","=""""",0,Bloomsbury Publishing,Hardcover,307,2024,2022,,2026/06/20,,,read,,,,1,0
37004370,The Memory Police,Yōko Ogawa,"Ogawa, Yōko",Stephen    Snyder,"=""1101870605""","=""9781101870600""",0,Pantheon,Hardcover,274,2019,1994,,2026/06/20,,,read,,,,1,0
35900387,Eleanor Oliphant Is Completely Fine,Gail Honeyman,"Honeyman, Gail",,"=""0008172145""","=""9780008172145""",0,HarperCollins GB,Paperback,390,2018,2017,,2026/06/20,,,read,,,,1,0
58210933,Trust,Hernan Diaz,"Diaz, Hernan",,"=""""","=""""",0,Riverhead Books,Hardcover,402,2022,2022,,2026/06/20,,,read,,,,1,0
71872930,North Woods,Daniel       Mason,"Mason, Daniel",,"=""""","=""""",0,Random House,Hardcover,372,2023,2023,,2026/06/20,,,read,,,,1,0
63241104,Tom Lake,Ann Patchett,"Patchett, Ann",,"=""006332752X""","=""9780063327528""",0,Harper,Hardcover,320,2023,2023,,2026/06/20,,,read,,,,1,0
44318414,The Dutch House,Ann Patchett,"Patchett, Ann",,"=""0062963678""","=""9780062963673""",0,Harper,Hardcover,337,2019,2019,,2026/06/20,to-read,to-read (#15),to-read,,,,0,0
180357146,The Covenant of Water,Abraham   Verghese,"Verghese, Abraham",,"=""0802162177""","=""9780802162175""",0,Grove Press,Paperback,715,2025,2023,,2026/06/20,,,read,,,,1,0
355862,Erasure,Percival Everett,"Everett, Percival",,"=""0786888156""","=""9780786888153""",0,Hyperion,Paperback,280,2002,2001,,2026/06/20,,,read,,,,1,0
173754979,James,Percival Everett,"Everett, Percival",,"=""0385550367""","=""9780385550369""",0,Knopf Doubleday,Hardcover,303,2024,2024,,2026/06/20,,,read,,,,1,0
61714633,"The Wager: A Tale of Shipwreck, Mutiny and Murder",David Grann,"Grann, David",,"=""0385534264""","=""9780385534260""",0,Doubleday,Hardcover,329,2023,2023,,2026/06/20,,,read,,,,1,0
193388249,Killers of the Flower Moon: The Osage Murders and the Birth of the FBI,David Grann,"Grann, David",,"=""0593470834""","=""9780593470831""",0,Vintage,Paperback,338,2023,2017,,2026/06/20,,,read,,,,1,0
27161156,Hillbilly Elegy: A Memoir of a Family and Culture in Crisis,J.D. Vance,"Vance, J.D.",,"=""""","=""""",0,Harper,Hardcover,264,2016,2016,,2026/06/20,,,read,,,,1,0
42975172,"The Testaments (The Handmaid's Tale, #2)",Margaret Atwood,"Atwood, Margaret",,"=""""","=""""",0,Nan A. Talese,Hardcover,422,2019,2019,,2026/06/20,,,read,,,,1,0
34454589,The Handmaid's Tale,Margaret Atwood,"Atwood, Margaret",,"=""1328879941""","=""9781328879943""",0,Houghton Mifflin Harcourt,Hardcover,320,2017,1985,,2026/06/20,,,read,,,,1,0
18774964,A Man Called Ove,Fredrik Backman,"Backman, Fredrik",Henning Koch,"=""1476738017""","=""9781476738017""",0,Atria Books,Hardcover,337,2014,2012,,2026/06/20,,,read,,,,1,0
58733693,Remarkably Bright Creatures,Shelby Van Pelt,"Pelt, Shelby Van",,"=""0063204150""","=""9780063204157""",0,Ecco,Hardcover,360,2022,2022,,2026/06/20,,,read,,,,1,0
40242274,A Random Walk Down Wall Street: The Time-Tested Strategy for Successful Investing,Burton G. Malkiel,"Malkiel, Burton G.",,"=""1324002182""","=""9781324002185""",0,W. W. Norton & Company,Hardcover,432,2019,1973,,2026/06/20,,,read,,,,1,0
131533,Bloomberg by Bloomberg,Michael R. Bloomberg,"Bloomberg, Michael R.",,"=""0471208884""","=""9780471208884""",0,WILEY,Paperback,280,2001,1997,,2026/06/20,,,read,,,,1,0
65678550,The Heaven & Earth Grocery Store,James   McBride,"McBride, James",,"=""0593422945""","=""9780593422946""",0,Riverhead Books,Hardcover,400,2023,2023,,2026/06/20,,,read,,,,1,0
70420,The Undercover Economist,Tim Harford,"Harford, Tim",,"=""0195189779""","=""9780195189773""",0,Oxford University Press,Hardcover,288,2005,2005,,2026/06/20,,,read,,,,1,0
43097201,The Richest Man in Babylon,George S. Clason,"Clason, George S.",,"=""9388118359""","=""9789388118354""",0,GENERAL PRESS,Hardcover,160,2025,1926,,2026/06/20,,,read,,,,1,0
35133922,Educated,Tara Westover,"Westover, Tara",,"=""0399590501""","=""9780399590504""",0,Random House,Hardcover,352,2018,2018,,2026/06/20,,,read,,,,1,0
35959740,Circe,Madeline Miller,"Miller, Madeline",,"=""0316556343""","=""9780316556347""",0,"Little, Brown and Company",Hardcover,393,2018,2018,,2026/06/20,,,read,,,,1,0
13623848,The Song of Achilles,Madeline Miller,"Miller, Madeline",,"=""""","=""""",0,Ecco,Paperback,408,2012,2011,,2026/06/20,,,read,,,,1,0
18143977,All the Light We Cannot See,Anthony Doerr,"Doerr, Anthony",,"=""1476746583""","=""9781476746586""",0,Scribner,Hardcover,531,2014,2014,,2026/06/20,,,read,,,,1,0
75555793,"Beautiful World, Where Are You",Sally Rooney,"Rooney, Sally",,"=""0571365442""","=""9780571365449""",0,Faber  Faber,Paperback,337,2023,2021,,2026/06/20,to-read,to-read (#14),to-read,,,,0,0
32187419,Conversations with Friends,Sally Rooney,"Rooney, Sally",,"=""0451499077""","=""9780451499073""",0,Hogarth,Kindle Edition,304,2017,2017,,2026/06/20,to-read,to-read (#13),to-read,,,,0,0
208931300,Intermezzo,Sally Rooney,"Rooney, Sally",,"=""0374602638""","=""9780374602635""",0,"Farrar, Straus and Giroux",Hardcover,464,2024,2024,,2026/06/20,,,read,,,,1,0
41057294,Normal People,Sally Rooney,"Rooney, Sally",,"=""1984822179""","=""9781984822178""",0,Crown,Hardcover,273,2019,2018,,2026/06/20,,,read,,,,1,0
62848145,"The Housemaid's Secret (The Housemaid, #2)",Freida McFadden,"McFadden, Freida",,"=""1837901317""","=""9781837901319""",0,Bookouture,Kindle Edition,311,2023,2023,,2026/06/20,,,read,,,,1,0
60556912,"The Housemaid (The Housemaid, #1)",Freida McFadden,"McFadden, Freida",,"=""1803144378""","=""9781803144375""",0,Bookouture,Kindle Edition,338,2022,2022,,2026/06/20,,,read,,,,1,0
164444179,First Lie Wins,Ashley Elston,"Elston, Ashley",,"=""""","=""""",0,Pamela Dorman Books,Hardcover,340,2024,2024,,2026/06/20,,,read,,,,1,0
22822858,A Little Life,Hanya Yanagihara,"Yanagihara, Hanya",,"=""0385539258""","=""9780385539258""",0,Doubleday,Hardcover,736,2015,2015,,2026/06/20,,,read,,,,1,0
28257707,The Subtle Art of Not Giving a F*ck: A Counterintuitive Approach to Living a Good Life,Mark Manson,"Manson, Mark",,"=""""","=""9798804636129""",0,Harper,Paperback,212,2016,2016,,2026/06/20,,,read,,,,1,0
134180349,成瀬は天下を取りにいく,Mina Miyajima,"Miyajima, Mina",宮島 未奈,"=""4103549513""","=""9784103549512""",0,新潮社,Paperback,277,2023,2023,,2026/06/20,,,read,,,,1,0
201942723,水車小屋のネネ,Kikuko Tsumura,"Tsumura, Kikuko",津村 記久子,"=""4620108626""","=""9784620108629""",0,毎日新聞出版,Hardcover,496,2023,,,2026/06/20,,,read,,,,1,0
216646774,俺たちの箱根駅伝 下,Jun Ikeido,"Ikeido, Jun",池井戸潤,"=""416391773X""","=""9784163917733""",0,文藝春秋,,336,2024,2024,,2026/06/20,,,read,,,,1,0
216646704,俺たちの箱根駅伝 上,Jun Ikeido,"Ikeido, Jun",池井戸潤,"=""4163917721""","=""9784163917726""",0,文藝春秋,,376,2024,2024,,2026/06/20,,,read,,,,1,0
6853,"One for the Money (Stephanie Plum, #1)",Janet Evanovich,"Evanovich, Janet",,"=""0312362080""","=""9780312362089""",0,St. Martin's Griffin,Paperback,320,2006,1994,,2026/06/20,to-read,to-read (#12),to-read,,,,0,0
60321048,"Going Rogue: Rise and Shine Twenty-Nine (Stephanie Plum, #29)",Janet Evanovich,"Evanovich, Janet",,"=""1668003058""","=""9781668003053""",0,Atria Books,Hardcover,324,2022,2022,,2026/06/20,,,read,,,,1,0
209439446,"Onyx Storm (The Empyrean, #3)",Rebecca Yarros,"Yarros, Rebecca",,"=""1649374186""","=""9781649374189""",0,Red Tower Books,Hardcover,544,2025,2025,,2026/06/20,,,read,,,,1,0
90202302,"Iron Flame (The Empyrean, #2)",Rebecca Yarros,"Yarros, Rebecca",,"=""1649374178""","=""9781649374172""",0,Entangled: Red Tower Books,Hardcover,623,2023,2023,,2026/06/20,,,read,,,,1,0
61431922,"Fourth Wing (The Empyrean, #1)",Rebecca Yarros,"Yarros, Rebecca",,"=""1649374046""","=""9781649374042""",0,Entangled: Red Tower Books,Hardcover,517,2023,2023,,2026/06/20,,,read,,,,1,0
50659471,"A Court of Frost and Starlight (A Court of Thorns and Roses, #4)",Sarah J. Maas,"Maas, Sarah J.",,"=""1635575621""","=""9781635575620""",0,Bloomsbury Publishing,Paperback,272,2020,2018,,2026/06/20,,,read,,,,1,0
53138095,"A ​Court of Silver Flames (A Court of Thorns and Roses, #5)",Sarah J. Maas,"Maas, Sarah J.",,"=""168119628X""","=""9781681196282""",0,Bloomsbury Publishing,Hardcover,757,2021,2021,,2026/06/20,,,read,,,,1,0
50659472,"A Court of Wings and Ruin (A Court of Thorns and Roses, #3)",Sarah J. Maas,"Maas, Sarah J.",,"=""1635575605""","=""9781635575606""",0,Bloomsbury Publishing,Paperback,699,2020,2017,,2026/06/20,,,read,,,,1,0
50659468,"A Court of Mist and Fury (A Court of Thorns and Roses, #2)",Sarah J. Maas,"Maas, Sarah J.",,"=""1635575583""","=""9781635575583""",0,Bloomsbury Publishing,Paperback,626,2020,2016,,2026/06/20,,,read,,,,1,0
50659467,"A Court of Thorns and Roses (A Court of Thorns and Roses, #1)",Sarah J. Maas,"Maas, Sarah J.",,"=""1635575567""","=""9781635575569""",0,Bloomsbury Publishing,Paperback,419,2020,2015,,2026/06/20,,,read,,,,1,0
18293427,The Storied Life of A.J. Fikry,Gabrielle Zevin,"Zevin, Gabrielle",,"=""1616203218""","=""9781616203214""",0,Algonquin Books,Hardcover,260,2014,2014,,2026/06/20,to-read,to-read (#11),to-read,,,,0,0
60864807,"Encore in Death (In Death, #56)",J.D. Robb,"Robb, J.D.",,"=""1250284317""","=""9781250284310""",0,St. Martin’s Press ,Kindle Edition,375,2023,2023,,2026/06/20,,,read,,,,1,0
242528917,Lessons in Chemistry,Bonnie Garmus,"Garmus, Bonnie",,"=""1804990922""","=""9781804990926""",0,Penguin UK,Paperback,390,2023,2022,,2026/06/20,,,read,,,,1,0
58784475,"Tomorrow, and Tomorrow, and Tomorrow",Gabrielle Zevin,"Zevin, Gabrielle",,"=""0735243344""","=""9780735243347""",0,Knopf,Paperback,399,2022,2022,,2026/06/20,,,read,,,,1,0
50623864,The Invisible Life of Addie LaRue,V.E. Schwab,"Schwab, V.E.",Victoria Schwab,"=""0765387565""","=""9780765387561""",0,Tor Books,Hardcover,448,2020,2020,,2026/06/20,,,read,,,,1,0
168642,In Cold Blood,Truman Capote,"Capote, Truman",,"=""0679745580""","=""9780679745587""",0,Vintage,Paperback,343,1994,1966,,2026/06/14,,,read,,,,1,0
24830,The Illustrated Man,Ray Bradbury,"Bradbury, Ray",,"=""000712774X""","=""9780007127740""",0,Voyager Classics / Harper Collins,Paperback,186,2002,1951,,2026/06/14,,,read,,,,1,0
248596,Something Wicked This Way Comes,Ray Bradbury,"Bradbury, Ray",,"=""0380729407""","=""9780380729401""",0,Harper Voyager,Mass Market Paperback,293,1998,1962,,2026/06/14,,,read,,,,1,0
2211221,"Nothing to Lose (Jack Reacher, #12)",Lee Child,"Child, Lee",,"=""0385340567""","=""9780385340564""",0,Delacorte Press,Hardcover,416,2008,2008,,2026/06/16,,,read,,,,1,0
383028,"The Hard Way (Jack Reacher, #10)",Lee Child,"Child, Lee",,"=""0385336691""","=""9780385336697""",0,Delacorte Press,Hardcover,384,2006,2006,,2026/06/16,,,read,,,,1,0
455941,"Persuader (Jack Reacher, #7)",Lee Child,"Child, Lee",,"=""0440241006""","=""9780440241003""",0,Dell,Mass Market Paperback,496,2004,2003,,2026/06/16,,,read,,,,1,0
108942,"Bad Luck and Trouble (Jack Reacher, #11)",Lee Child,"Child, Lee",,"=""0385340559""","=""9780385340557""",0,Delacorte Press,Hardcover,378,2007,2007,,2026/06/16,,,read,,,,1,0
455930,"Echo Burning (Jack Reacher, #5)",Lee Child,"Child, Lee",,"=""0515133310""","=""9780515133318""",0,Jove,Mass Market Paperback,432,2002,2001,,2026/06/16,,,read,,,,1,0
4494917,"Gone Tomorrow (Jack Reacher, #13)",Lee Child,"Child, Lee",,"=""0593057058""","=""9780593057056""",0,Transworld Publishers,Hardcover,441,2009,2009,,2026/06/16,,,read,,,,1,0
21745,"Without Fail (Jack Reacher, #6)",Lee Child,"Child, Lee",Dick Hill,"=""1590860624""","=""9781590860625""",0,Brilliance Audio,Audio Cassette,14,2002,2002,,2026/06/16,,,read,,,,1,0
455925,"Running Blind (Jack Reacher, #4)",Lee Child,"Child, Lee",,"=""0515130974""","=""9780515130973""",0,Jove,Mass Market Paperback,512,2001,2000,,2026/06/16,,,read,,,,1,0
220968,"One Shot (Jack Reacher, #9)",Lee Child,"Child, Lee",,"=""0440241022""","=""9780440241027""",0,Dell Pub Co,Paperback,466,2006,2005,,2026/06/16,,,read,,,,1,0
220970,"Tripwire  (Jack Reacher, #3)",Lee Child,"Child, Lee",,"=""0515128635""","=""9780515128635""",0,Jove,Mass Market Paperback,432,2000,1999,,2026/06/16,,,read,,,,1,0
231562,"The Enemy (Jack Reacher, #8)",Lee Child,"Child, Lee",,"=""0440241014""","=""9780440241010""",0,Dell,Paperback,464,2005,2004,,2026/06/16,,,read,,,,1,0
220969,"Die Trying (Jack Reacher, #2)",Lee Child,"Child, Lee",,"=""0515142247""","=""9780515142242""",0,Jove,Mass Market Paperback,567,2008,1998,,2026/06/16,,,read,,,,1,0
78129,"Killing Floor (Jack Reacher, #1)",Lee Child,"Child, Lee",,"=""0515141429""","=""9780515141429""",0,Jove,Mass Market Paperback,474,2006,1997,,2026/06/16,,,read,,,,1,0
12948,The Turn of the Screw,Henry James,"James, Henry",,"=""0140620613""","=""9780140620610""",0,Penguin Books,Paperback,121,1994,1898,,2026/06/16,,,read,,,,1,0
76778,The Martian Chronicles,Ray Bradbury,"Bradbury, Ray",Michael Whelan,"=""0553278223""","=""9780553278224""",0,Bantam/Spectra,Mass Market Paperback,182,1984,1950,,2026/06/14,,,read,,,,1,0
231428883,The Ark,Haruo Yuki,"Yuki, Haruo",Jim Rion,"=""1805331892""","=""9781805331896""",0,Pushkin Vertigo,Paperback,320,2026,2022,,2026/06/14,,,read,,,,1,0
231958881,十誡,Haruo Yuki,"Yuki, Haruo",夕木春央,"=""6267609421""","=""9786267609422""",0,獨步文化,Kindle Edition,221,2025,,,2026/06/14,,,read,,,,1,0
34762989,君たちはどう生きるか,吉野 源三郎,"源三郎, 吉野",,"=""4003315812""","=""9784003315811""",0,岩波書店,Paperback,,1982,1937,,2026/06/14,,,read,,,,1,0
92303,The Importance of Being Earnest,Oscar Wilde,"Wilde, Oscar",,"=""158049580X""","=""9781580495806""",0,Prestwick House,Paperback,89,2005,1895,,2026/06/14,,,read,,,,1,0
489732,The Picture of Dorian Gray,Oscar Wilde,"Wilde, Oscar",Robert Mighall,"=""0141439572""","=""9780141439570""",0,Penguin Classics,Paperback,253,2003,1890,,2026/06/14,,,read,,,,1,0
50279680,We Begin at the End,Chris  Whitaker,"Whitaker, Chris",,"=""1250759668""","=""9781250759665""",0,Henry Holt and Co.,Hardcover,384,2021,2020,,2026/06/14,,,read,,,,1,0
215153740,All the Colors of the Dark,Chris  Whitaker,"Whitaker, Chris",,"=""0593798880""","=""9780593798881""",0,Crown Publishing Group,Kindle Edition,597,2024,2024,,2026/06/14,,,read,,,,1,0
233770059,The Woman in Cabin 10 (Lo Blacklock #1),Ruth Ware,"Ware, Ruth",,"=""166822187X""","=""9781668221877""",0,Simon & Schuster,Paperback,400,2025,2016,,2026/06/14,,,read,,,,1,0
4980,Breakfast of Champions,Kurt Vonnegut Jr.,"Jr., Kurt Vonnegut",,"=""0385334206""","=""9780385334204""",0,Dell Publishing,Paperback,303,1999,1973,,2026/06/14,,,read,,,,1,0
4981,Slaughterhouse-Five,Kurt Vonnegut Jr.,"Jr., Kurt Vonnegut",,"=""""","=""""",0,Dial Press,Paperback,275,1999,1969,,2026/06/14,,,read,,,,1,0
24583,The Adventures of Tom Sawyer,Mark Twain,"Twain, Mark","Guy Cardwell, John Seelye, Mark Hallaq, Amanda Lee","=""""","=""9780143039563""",0,Penguin Classics,Paperback,244,2006,1876,,2026/06/14,,,read,,,,1,0
2956,"The Adventures of Huckleberry Finn (Adventures of Tom and Huck, #2)",Mark Twain,"Twain, Mark","Guy Cardwell, E.W. Kemble, John Seelye, Walter Trier, Tom Wilson, William Little Hughes","=""0142437174""","=""9780142437179""",0,Penguin Classics,Paperback,327,2002,1885,,2026/06/14,,,read,,,,1,0
58651625,The Hate U Give,Angie Thomas,"Thomas, Angie",,"=""""","=""""",0,Balzer + Bray,Hardcover,444,2017,2017,,2026/06/14,,,read,,,,1,0
34253486,I Want to Eat Your Pancreas,Yoru Sumino,"Sumino, Yoru",Khairun Nisak,"=""""","=""9786026383143""",0,Haru,Paperback,308,2017,2015,,2026/06/14,,,read,,,,1,0
46787,Uncle Tom’s Cabin,Harriet Beecher Stowe,"Stowe, Harriet Beecher",,"=""""","=""""",0,Wordsworth Classics,Paperback,438,1999,1852,,2026/06/14,,,read,,,,1,0
17245,Dracula,Bram Stoker,"Stoker, Bram","Rubén Toledo, Nina Auerbach, David J. Skal","=""0393970124""","=""9780393970128""",0,Norton,Paperback,488,1986,1897,,2026/06/14,,,read,,,,1,0
51496,Dr. Jekyll and Mr. Hyde,Robert Louis Stevenson,"Stevenson, Robert Louis","Vladimir Nabokov, Dan Chaon, Jerome Charyn, Simon Vestdijk","=""0451528956""","=""9780451528957""",0,Signet Classic,Mass Market Paperback,139,2003,1886,,2026/06/14,,,read,,,,1,0
295,Treasure Island,Robert Louis Stevenson,"Stevenson, Robert Louis",Newell Convers Wyeth,"=""0753453800""","=""9780753453803""",0,Kingfisher,Hardcover,352,2001,1882,,2026/06/14,,,read,,,,1,0
20342617,Just Mercy,Bryan Stevenson,"Stevenson, Bryan",,"=""""","=""""",0,One World,Paperback,336,2014,2014,,2026/06/14,,,read,,,,1,0
5308,The Pearl,John Steinbeck,"Steinbeck, John",,"=""0142000698""","=""9780142000694""",0,Penguin Books,Paperback,96,2002,1947,,2026/06/14,,,read,,,,1,0
4406,East of Eden,John Steinbeck,"Steinbeck, John",,"=""0142000655""","=""9780142000656""",0,Penguin Books,Paperback,601,2002,1952,,2026/06/14,,,read,,,,1,0
18114322,The Grapes of Wrath,John Steinbeck,"Steinbeck, John",,"=""067001690X""","=""9780670016907""",0,Viking,Hardcover,536,2014,1939,,2026/06/14,,,read,,,,1,0
890,Of Mice and Men,John Steinbeck,"Steinbeck, John",,"=""0142000671""","=""9780142000670""",0,Penguin Books,Paperback,107,2002,1937,,2026/06/14,,,read,,,,1,0
13642929,My Beloved World,Sonia Sotomayor,"Sotomayor, Sonia",,"=""0307594882""","=""9780307594884""",0,Knopf,Hardcover,302,2013,2013,,2026/06/14,,,read,,,,1,0
35031085,Frankenstein: The 1818 Text,Mary Wollstonecraft Shelley,"Shelley, Mary Wollstonecraft",Charlotte  Gordon,"=""0143131842""","=""9780143131847""",0,Penguin Classics,Paperback,260,2018,1818,,2026/06/14,,,read,,,,1,0
3685,Black Beauty,Anna Sewell,"Sewell, Anna",Gail Carson Levine,"=""0439228905""","=""9780439228909""",0,Scholastic Paperbacks,Mass Market Paperback,245,2003,1877,,2026/06/14,,,read,,,,1,0
38899477,そして、バトンは渡された,Maiko Seo,"Seo, Maiko",瀬尾 まいこ,"=""4163907955""","=""9784163907956""",0,文藝春秋,Hardcover,378,2018,2018,,2026/06/14,,,read,,,,1,0
543686,"Rob Roy (Waverley Novels, #4)",Walter  Scott,"Scott, Walter",,"=""0140435549""","=""9780140435542""",0,Penguin Classics,Paperback,501,1995,1817,,2026/06/14,,,read,,,,1,0
6440,Ivanhoe,Walter  Scott,"Scott, Walter",Graham Tulloch,"=""""","=""""",0,Penguin Books /Penguin Classics,Paperback,496,2000,1819,,2026/06/14,,,read,,,,1,0
157993,The Little Prince,Antoine de Saint-Exupéry,"Saint-Exupéry, Antoine de",Richard Howard,"=""0152023984""","=""9780152023980""",0,"Harcourt, Inc.",Hardcover,96,2000,1943,,2026/06/14,,,read,,,,1,0
36349572,The Penguin Book of Japanese Short Stories,Jay Rubin,"Rubin, Jay","Haruki Murakami, Jun'ichirō Tanizaki, Kafū Nagai, Natsume Sōseki, Ōgai Mori, Yukio Mishima, Yūko Tsushima, Taeko Kōno, Kenji Nakagami, Banana Yoshimoto, Minako Ohba, Fumiko Enchi, Abe Akira, Yōko Ogawa, Doppo Kunikida, Uno Kōji, Genji Keita, Minoru Betsuyaku, Mieko Kawakami, Shinichi Hoshi, Ryūnosuke Akutagawa, Sawanishi Yuten, Hyakken Uchida, Yoko Ota, Yuichi Seirai, Yasunari Kawabata, Akiyuki Nosaka, Tomoyuki Hoshino, Kazumi Saeki, Aoko Matsuda, Yūya Satō","=""0141395621""","=""9780141395623""",0,Penguin Classics,Hardcover,566,2018,2018,,2026/06/14,,,read,,,,1,0
29056083,"Harry Potter and the Cursed Child: Parts One and Two (Harry Potter, #8)",J.K. Rowling,"Rowling, J.K.","Jack Thorne, John Tiffany","=""0540027340""","=""9780540027347""",0,"Little, Brown",Hardcover,343,2016,2016,,2026/06/14,to-read,to-read (#10),to-read,,,,0,0
58613345,"Harry Potter and the Half-Blood Prince (Harry Potter, #6)",J.K. Rowling,"Rowling, J.K.",Mary GrandPré,"=""""","=""""",0,Scholastic Inc.,Hardcover,672,2005,2005,,2026/06/14,,,read,,,,1,0
58613451,"Harry Potter and the Order of the Phoenix (Harry Potter, #5)",J.K. Rowling,"Rowling, J.K.",Mary GrandPré,"=""043935806X""","=""9780439358064""",0,Scholastic Inc.,Hardcover,896,2003,2003,,2026/06/14,,,read,,,,1,0
58613224,"Harry Potter and the Deathly Hallows (Harry Potter, #7)",J.K. Rowling,"Rowling, J.K.",Mary GrandPré,"=""0545010225""","=""9780545010221""",0,Scholastic Inc.,Hardcover,784,2007,2007,,2026/06/14,,,read,,,,1,0
58613424,"Harry Potter and the Goblet of Fire (Harry Potter, #4)",J.K. Rowling,"Rowling, J.K.",Mary GrandPré,"=""""","=""""",0,Scholastic Inc.,Hardcover,752,2000,2000,,2026/06/14,,,read,,,,1,0
15881,"Harry Potter and the Chamber of Secrets (Harry Potter, #2)",J.K. Rowling,"Rowling, J.K.",Mary GrandPré,"=""""","=""""",0,Arthur A. Levine Books,Hardcover,341,1999,1998,,2026/06/14,,,read,,,,1,0
5,"Harry Potter and the Prisoner of Azkaban (Harry Potter, #3)",J.K. Rowling,"Rowling, J.K.",Mary GrandPré,"=""043965548X""","=""9780439655484""",0,Scholastic Inc.,Mass Market Paperback,547,2004,1999,,2026/06/14,,,read,,,,1,0
42844155,"Harry Potter and the Philosopher's Stone (Harry Potter, #1)",J.K. Rowling,"Rowling, J.K.",Olly Moss,"=""""","=""""",0,Pottermore Publishing,Kindle Edition,333,2015,1997,,2026/06/14,,,read,,,,1,0
34890015,Factfulness: Ten Reasons We're Wrong About the World – and Why Things Are Better Than You Think,Hans Rosling,"Rosling, Hans","Ola Rosling, Anna Rosling Rönnlund","=""1473637465""","=""9781473637467""",0,Sceptre,Hardcover,342,2018,2018,,2026/06/14,,,read,,,,1,0
27189194,One True Loves,Taylor Jenkins Reid,"Reid, Taylor Jenkins",,"=""""","=""""",0,Washington Square Press,Kindle Edition,352,2016,2016,,2026/06/14,to-read,to-read (#9),to-read,,,,0,0
60435878,Carrie Soto Is Back,Taylor Jenkins Reid,"Reid, Taylor Jenkins",,"=""0593158687""","=""9780593158685""",0,Ballantine Books,Hardcover,384,2022,2022,,2026/06/14,to-read,to-read (#8),to-read,,,,0,0
220817728,Atmosphere,Taylor Jenkins Reid,"Reid, Taylor Jenkins",,"=""""","=""""",0,Ballantine Books,Hardcover,337,2025,2025,,2026/06/14,,,read,,,,1,0
55404546,Malibu Rising,Taylor Jenkins Reid,"Reid, Taylor Jenkins",,"=""1524798657""","=""9781524798659""",0,Ballantine Books,Hardcover,369,2021,2021,,2026/06/14,to-read,to-read (#7),to-read,,,,0,0
40597810,Daisy Jones & The Six,Taylor Jenkins Reid,"Reid, Taylor Jenkins",,"=""1524798622""","=""9781524798628""",0,Ballantine Books,Hardcover,368,2019,2019,,2026/06/14,to-read,to-read (#6),to-read,,,,0,0
32620332,The Seven Husbands of Evelyn Hugo,Taylor Jenkins Reid,"Reid, Taylor Jenkins",,"=""1501139231""","=""9781501139239""",0,Atria Books,Hardcover,389,2017,2017,,2026/06/14,,,read,,,,1,0
50063639,The Celestine Prophecy,James Redfield,"Redfield, James",,"=""044651862X""","=""9780446518628""",0,Warner Books,Hardcover,246,1994,1993,,2026/06/14,,,read,,,,1,0
187181,"The Chosen (Reuven Malter, #1)",Chaim Potok,"Potok, Chaim",,"=""0449213447""","=""9780449213445""",0,Ballantine Books,Mass Market Paperback,291,1982,1967,,2026/06/14,,,read,,,,1,0
24611623,In Order to Live: A North Korean Girl's Journey to Freedom,Yeonmi Park,"Park, Yeonmi",Maryanne Vollers,"=""1594206791""","=""9781594206795""",0,Penguin Press,Hardcover,273,2015,2015,,2026/06/14,,,read,,,,1,0
15811545,A Tale for the Time Being,Ruth Ozeki,"Ozeki, Ruth",,"=""0670026638""","=""9780670026630""",0,Viking,Hardcover,432,2013,2013,,2026/06/14,,,read,,,,1,0
36809135,Where the Crawdads Sing,Delia Owens,"Owens, Delia",,"=""0735219117""","=""9780735219113""",0,G.P. Putnam’s Sons,ebook,384,2018,2018,,2026/06/14,,,read,,,,1,0
194746,No Longer Human,Osamu Dazai,"Dazai, Osamu",Donald Keene,"=""""","=""""",0,New Directions,Paperback,176,1958,1948,,2026/06/14,,,read,,,,1,0
170448,Animal Farm,George Orwell,"Orwell, George","Russell Baker, C.M. Woodhouse","=""0451526341""","=""9780451526342""",0,Signet Classics,Mass Market Paperback,141,1996,1945,,2026/06/14,,,read,,,,1,0
61439040,1984,George Orwell,"Orwell, George",Thomas Pynchon,"=""0452284236""","=""9780452284234""",0,Plume,Paperback,368,2022,1949,,2026/06/14,,,read,,,,1,0
83173799,君のクイズ (Japanese Edition),小川 哲,"哲, 小川",,"=""4022518375""","=""9784022518378""",0,朝日新聞出版,Kindle Edition,165,2022,2022,,2026/06/14,,,read,,,,1,0
9572203,"The Snowman (Harry Hole, #7)",Jo Nesbø,"Nesbø, Jo",Don Bartlett,"=""0307595862""","=""9780307595867""",0,Knopf Publishing Group,Mass Market Paperback,383,2011,2007,,2026/06/14,,,read,,,,1,0
61771675,Hello Beautiful,Ann Napolitano,"Napolitano, Ann",,"=""""","=""""",0,The Dial Press,Kindle Edition,594,2023,2023,,2026/06/14,,,read,,,,1,0
63833299,汝、星のごとく,Yuu Nagira,"Nagira, Yuu",凪良 ゆう,"=""""","=""""",0,講談社,Kindle Edition,357,2022,2022,,2026/06/14,,,read,,,,1,0
9216051,Lolita,Vladimir Nabokov,"Nabokov, Vladimir",,"=""""","=""""",0,Vintage,Kindle Edition,376,2010,1955,,2026/06/14,,,read,,,,1,0
36739755,Convenience Store Woman,Sayaka Murata,"Murata, Sayaka",Ginny Tapley Takemori,"=""0802128254""","=""9780802128256""",0,Grove Press,Hardcover,163,2018,2016,,2026/06/14,,,read,,,,1,0
34346848,"The Last Girl: My Story of Captivity, and My Fight Against the Islamic State",Nadia Murad,"Murad, Nadia",,"=""0525493212""","=""9780525493211""",0,Random House Audio,Audio CD,,2017,2017,,2026/06/14,,,read,,,,1,0
11334,Song of Solomon,Toni Morrison,"Morrison, Toni",,"=""""","=""""",0,Vintage,Paperback,338,2004,1977,,2026/06/14,,,read,,,,1,0
6149,Beloved,Toni Morrison,"Morrison, Toni",,"=""""","=""""",0,Vintage,Paperback,325,2004,1987,,2026/06/14,,,read,,,,1,0
8127,"Anne of Green Gables (Anne of Green Gables, #1)",L.M. Montgomery,"Montgomery, L.M.",Jennifer Lee Carrell,"=""0451528824""","=""9780451528827""",0,Signet,Mass Market Paperback,320,2003,1908,,2026/06/14,,,read,,,,1,0
60376806,Night Train to the Stars,Kenji Miyazawa,"Miyazawa, Kenji",John Bester,"=""178487776X""","=""9781784877767""",0,Vintage Classics,Hardcover,230,2022,1934,,2026/06/14,,,read,,,,1,0
62798,The Temple of the Golden Pavilion,Yukio Mishima,"Mishima, Yukio",Ivan Morris,"=""0679433155""","=""9780679433156""",0,Everyman's Library,Hardcover,247,1995,1956,,2026/06/14,,,read,,,,1,0
62794,Confessions of a Mask,Yukio Mishima,"Mishima, Yukio",Meredith Weatherby,"=""0720610311""","=""9780720610314""",0,Peter Owen,Paperback,224,1998,1949,,2026/06/14,,,read,,,,1,0
12898,Death of a Salesman,Arthur Miller,"Miller, Arthur",,"=""0435233076""","=""9780435233075""",0,Heinemann ed,Hardcover,144,1994,1949,,2026/06/14,to-read,to-read (#5),to-read,,,,0,0
17250,The Crucible,Arthur Miller,"Miller, Arthur",Christopher W.E. Bigsby,"=""0142437336""","=""9780142437339""",0,Penguin Books,Paperback,143,2003,1953,,2026/06/14,,,read,,,,1,0
153747,"Moby-Dick or, The Whale",Herman Melville,"Melville, Herman","Andrew Delbanco, Tom Quirk","=""0142437247""","=""9780142437247""",0,Penguin Classics ,Paperback,720,2003,1851,,2026/06/14,,,read,,,,1,0
52838315,Greenlights,Matthew McConaughey,"McConaughey, Matthew",,"=""0593139135""","=""9780593139134""",0,Crown,Hardcover,289,2020,2020,,2026/06/14,,,read,,,,1,0
44796,The Moon and Sixpence,W. Somerset Maugham,"Maugham, W. Somerset",,"=""1598185217""","=""9781598185218""",0,Alan Rodgers Books,Paperback,187,2005,1919,,2026/06/14,,,read,,,,1,0
15803037,"Red Sparrow (Red Sparrow Trilogy, #1)",Jason  Matthews,"Matthews, Jason",,"=""1476706123""","=""9781476706122""",0,Scribner,Hardcover,434,2013,2013,,2026/06/14,,,read,,,,1,0
9712,Love in the Time of Cholera,Gabriel García Márquez,"Márquez, Gabriel García","Edith Grossman, Kjell Risvik, Carlos Marrodán Casas","=""140003468X""","=""9781400034680""",0,Vintage International,Paperback,348,2003,1985,,2026/06/14,,,read,,,,1,0
320,One Hundred Years of Solitude,Gabriel García Márquez,"Márquez, Gabriel García",Gregory Rabassa,"=""""","=""""",0,Harper,Mass Market Paperback,417,2003,1967,,2026/06/14,,,read,,,,1,0
47281,Number the Stars,Lois Lowry,"Lowry, Lois",,"=""0440227534""","=""9780440227533""",0,Laurel Leaf,Mass Market Paperback,137,1998,1989,,2026/06/14,to-read,to-read (#4),to-read,,,,0,0
3636,"The Giver (Giver, #1)",Lois Lowry,"Lowry, Lois",,"=""0385732554""","=""9780385732550""",0,Ember,Paperback,208,2006,1993,,2026/06/14,,,read,,,,1,0
34051011,Pachinko,Min Jin Lee,"Lee, Min Jin",,"=""""","=""""",0,Grand Central Publishing,Kindle Edition,496,2017,2017,,2026/06/14,,,read,,,,1,0
56916837,To Kill a Mockingbird,Harper Lee,"Lee, Harper",,"=""""","=""""",0,Harper Perennial Modern Classics,Paperback,323,2021,1960,,2026/06/14,,,read,,,,1,0
16085481,"Crazy Rich Asians (Crazy Rich Asians, #1)",Kevin Kwan,"Kwan, Kevin",,"=""0385536976""","=""9780385536974""",0,Doubleday,Hardcover,403,2013,2013,,2026/06/14,,,read,,,,1,0
210223811,Katabasis,R.F. Kuang,"Kuang, R.F.",,"=""""","=""""",0,HarperVoyager,Kindle Edition,559,2025,2025,,2026/06/14,,,read,,,,1,0
57945316,Babel,R.F. Kuang,"Kuang, R.F.",,"=""0063021420""","=""9780063021426""",0,Harper Voyager,Hardcover,544,2022,2022,,2026/06/14,,,read,,,,1,0
62047984,Yellowface,R.F. Kuang,"Kuang, R.F.",,"=""""","=""""",0,William Morrow,Paperback,319,2023,2023,,2026/06/14,,,read,,,,1,0
27220736,Shoe Dog: A Memoir by the Creator of Nike,Phil Knight,"Knight, Phil",,"=""1501135910""","=""9781501135910""",0,Scribner,Hardcover,400,2016,2016,,2026/06/14,,,read,,,,1,0
60194162,Demon Copperhead,Barbara Kingsolver,"Kingsolver, Barbara",,"=""""","=""""",0,Harper,Hardcover,560,2022,2022,,2026/06/14,,,read,,,,1,0
7244,The Poisonwood Bible,Barbara Kingsolver,"Kingsolver, Barbara",,"=""0060786507""","=""9780060786502""",0,Harper Perennial Modern Classics,Paperback,546,1998,1998,,2026/06/14,to-read,to-read (#3),to-read,,,,0,0
169439,Sanshirō,Natsume Sōseki,"Sōseki, Natsume",Jay Rubin,"=""1929280106""","=""9781929280100""",0,Penguin Classics,Paperback,248,2009,1908,,2026/06/14,,,read,,,,1,0
169437,Botchan,Natsume Sōseki,"Sōseki, Natsume",Joel Cohn,"=""4770030487""","=""9784770030481""",0,Kodansha USA,Paperback,171,2007,1906,,2026/06/14,,,read,,,,1,0
62772,I Am a Cat,Natsume Sōseki,"Sōseki, Natsume","Graeme Wilson, Aiko Ito","=""080483265X""","=""9780804832656""",0,Tuttle Publishing,Paperback,470,2001,1906,,2026/06/14,,,read,,,,1,0
762476,Kokoro,Natsume Sōseki,"Sōseki, Natsume",Edwin McClellan,"=""0809260956""","=""9780895267153""",0,Gateway Editions,Paperback,256,1996,1914,,2026/06/14,,,read,,,,1,0
14030,The Dancing Girl of Izu and Other Stories,Yasunari Kawabata,"Kawabata, Yasunari",J. Martin Holman,"=""1887178945""","=""9781887178945""",0,Catapult,Paperback,176,1998,1926,,2026/06/14,,,read,,,,1,0
14028,Snow Country,Yasunari Kawabata,"Kawabata, Yasunari",Edward G. Seidensticker,"=""0679761047""","=""9780679761044""",0,Vintage,Paperback,175,1996,1948,,2026/06/14,,,read,,,,1,0
5107,The Catcher in the Rye,J.D. Salinger,"Salinger, J.D.",,"=""0316769177""","=""9780316769174""",0,Back Bay Books,Paperback,277,2001,1951,,2026/06/14,,,read,,,,1,0
333538,The Castle,Franz Kafka,"Kafka, Franz",Mark Harman,"=""0805211063""","=""9780805211061""",0,Schocken,Paperback,328,1998,1926,,2026/06/14,,,read,,,,1,0
17690,The Trial,Franz Kafka,"Kafka, Franz","Max Brod, Willa Muir, Edwin Muir","=""""","=""""",0,Vintage,Paperback,255,2001,1925,,2026/06/14,,,read,,,,1,0
485894,The Metamorphosis,Franz Kafka,"Kafka, Franz",Stanley Corngold,"=""0553213695""","=""9780553213690""",0,Bantam Classics,Mass Market Paperback,201,1972,1915,,2026/06/14,,,read,,,,1,0
4894,Who Moved My Cheese?,Spencer Johnson,"Johnson, Spencer",Kenneth H. Blanchard,"=""0091883768""","=""9780091883768""",0,Vermilion,Hardcover,98,2002,1998,,2026/06/14,,,read,,,,1,0
133954,Washington Square,Henry James,"James, Henry",,"=""0451528719""","=""9780451528711""",0,Signet Classics,Mass Market Paperback,240,2004,1880,,2026/06/14,,,read,,,,1,0
122765395,Elon Musk,Walter Isaacson,"Isaacson, Walter",,"=""1982181281""","=""9781982181284""",0,Simon & Schuster,Hardcover,688,2023,2023,,2026/06/14,,,read,,,,1,0
11084145,Steve Jobs,Walter Isaacson,"Isaacson, Walter",,"=""1451648537""","=""9781451648539""",0,Simon & Schuster,Hardcover,630,2011,2011,,2026/06/14,,,read,,,,1,0
56969543,"Bullet Train (Assassins, #2)",Kōtarō Isaka,"Isaka, Kōtarō",Sam Malissa,"=""1419756338""","=""9781419756337""",0,Harry N. Abrams,Hardcover,432,2021,2010,,2026/06/14,,,read,,,,1,0
117677675,光のとこにいてね,Michi Ichiho,"Ichiho, Michi",,"=""""","=""""",0,文藝春秋,Kindle Edition,464,2022,,,2026/06/14,,,read,,,,1,0
17878954,海賊とよばれた男（下）,Naoki Hyakuta,"Hyakuta, Naoki",百田 尚樹,"=""4062175657""","=""9784062175654""",0,Kōdansha,,370,2012,2012,,2026/06/14,to-read,to-read (#2),to-read,,,,0,0
17853587,海賊とよばれた男（上）,Naoki Hyakuta,"Hyakuta, Naoki",百田 尚樹,"=""4062175649""","=""9784062175647""",0,講談社,,386,2012,2012,,2026/06/14,to-read,to-read (#1),to-read,,,,0,0
8658120,永遠の0 [Eien No Zero],Naoki Hyakuta,"Hyakuta, Naoki",百田 尚樹,"=""406276413X""","=""9784062764131""",0,Kōdansha,Paperback,589,2009,2006,,2026/06/14,,,read,,,,1,0
32075854,"Magpie Murders (Susan Ryeland, #1)",Anthony Horowitz,"Horowitz, Anthony",,"=""0062645226""","=""9780062645227""",0,Harper,Hardcover,477,2017,2016,,2026/06/14,,,read,,,,1,0
58341222,Reminders of Him,Colleen Hoover,"Hoover, Colleen",,"=""1542025605""","=""9781542025607""",0,Montlake,Paperback,335,2022,2022,,2026/06/14,,,read,,,,1,0
60393672,"It Starts with Us (It Ends with Us, #2)",Colleen Hoover,"Hoover, Colleen",,"=""1668001225""","=""9781668001226""",0,Atria Books,Paperback,324,2022,2022,,2026/06/14,,,read,,,,1,0
17788401,Ugly Love,Colleen Hoover,"Hoover, Colleen",,"=""""","=""""",0,Atria Books,Kindle Edition,330,2014,2014,,2026/06/14,,,read,,,,1,0
59344312,Verity,Colleen Hoover,"Hoover, Colleen",,"=""""","=""""",0,Grand Central Publishing,ebook,336,2021,2018,,2026/06/14,,,read,,,,1,0
62627512,"It Ends with Us (It Ends with Us, #1)",Colleen Hoover,"Hoover, Colleen",,"=""""","=""""",0,Atria Books,Hardcover,373,2023,2016,,2026/06/14,,,read,,,,1,0
27323,Hiroshima,John Hersey,"Hersey, John",,"=""0679721037""","=""9780679721031""",0,Vintage,Mass Market Paperback,152,1989,1946,,2026/06/14,,,read,,,,1,0
44767458,"Dune (Dune, #1)",Frank Herbert,"Herbert, Frank",,"=""059309932X""","=""9780593099322""",0,Ace,Hardcover,658,2019,1965,,2026/06/14,,,read,,,,1,0
218559595,Great Big Beautiful Life,Emily Henry,"Henry, Emily",,"=""""","=""""",0,Berkley,Hardcover,432,2025,2025,,2026/06/14,,,read,,,,1,0
194802722,Funny Story,Emily Henry,"Henry, Emily",,"=""""","=""""",0,Berkley,Kindle Edition,395,2024,2024,,2026/06/14,,,read,,,,1,0
61718053,Happy Place,Emily Henry,"Henry, Emily",,"=""0593441273""","=""9780593441275""",0,Berkley,Hardcover,388,2023,2023,,2026/06/14,,,read,,,,1,0
58690308,Book Lovers,Emily Henry,"Henry, Emily",,"=""0593334833""","=""9780593334836""",0,Berkley,Paperback,377,2022,2022,,2026/06/14,,,read,,,,1,0
52867387,Beach Read,Emily Henry,"Henry, Emily",,"=""1984806734""","=""9781984806734""",0,Berkley,Paperback,358,2020,2020,,2026/06/14,,,read,,,,1,0
55076069,People We Meet on Vacation,Emily Henry,"Henry, Emily",,"=""""","=""""",0,Berkley Books,Kindle Edition,382,2021,2021,,2026/06/14,,,read,,,,1,0
4652,In Our Time,Ernest Hemingway,"Hemingway, Ernest",,"=""""","=""""",0,Scribner,Paperback,156,2003,1924,,2026/06/14,,,read,,,,1,0
46170,For Whom the Bell Tolls,Ernest Hemingway,"Hemingway, Ernest",,"=""""","=""""",0,Scribner,Paperback,471,1995,1940,,2026/06/14,,,read,,,,1,0
10799,A Farewell to Arms,Ernest Hemingway,"Hemingway, Ernest",,"=""0099910101""","=""9780099910107""",0,Arrow Books,Paperback,304,2004,1929,,2026/06/14,,,read,,,,1,0
3876,The Sun Also Rises,Ernest Hemingway,"Hemingway, Ernest",,"=""""","=""""",0,Pan Books,Paperback,189,1957,1926,,2026/06/14,,,read,,,,1,0
2165,The Old Man and the Sea,Ernest Hemingway,"Hemingway, Ernest",,"=""0684830493""","=""9780684830490""",0,Scribner,Hardcover,96,1996,1952,,2026/06/14,,,read,,,,1,0
58147204,リボルバー,Maha Harada,"Harada, Maha",原田 マハ,"=""""","=""""",0,幻冬舎,Kindle Edition,287,2021,,,2026/06/14,,,read,,,,1,0
40861864,The Truths We Hold: An American Journey,Kamala Harris,"Harris, Kamala",,"=""""","=""""",0,Penguin Books,ebook,336,2019,2019,,2026/06/14,,,read,,,,1,0
38820046,21 Lessons for the 21st Century,Yuval Noah Harari,"Harari, Yuval Noah",,"=""0525512179""","=""9780525512172""",0,Random House,Hardcover,372,2018,2018,,2026/06/14,,,read,,,,1,0
31138556,Homo Deus: A History of Tomorrow,Yuval Noah Harari,"Harari, Yuval Noah",,"=""""","=""""",0,Harper,ebook,450,2017,2015,,2026/06/14,,,read,,,,1,0
23692271,Sapiens: A Brief History of Humankind,Yuval Noah Harari,"Harari, Yuval Noah",,"=""""","=""""",0,Vintage,Paperback,512,2015,2011,,2026/06/14,,,read,,,,1,0
53138081,The Four Winds,Kristin Hannah,"Hannah, Kristin",,"=""1250178606""","=""9781250178602""",0,St. Martin's Press,Hardcover,464,2021,2021,,2026/06/14,,,read,,,,1,0
127305853,The Women,Kristin Hannah,"Hannah, Kristin",,"=""1250178630""","=""9781250178633""",0,St. Martin's Press,Hardcover,471,2024,2024,,2026/06/14,,,read,,,,1,0
21853621,The Nightingale,Kristin Hannah,"Hannah, Kristin",,"=""0312577222""","=""9780312577223""",0,St. Martin's Press,Hardcover,564,2015,2015,,2026/06/14,,,read,,,,1,0
52578297,"The Midnight Library (The Midnight World, #1)",Matt Haig,"Haig, Matt",,"=""0525559477""","=""9780525559474""",0,Viking,Hardcover,288,2020,2020,,2026/06/14,,,read,,,,1,0
17801,Underground: The Tokyo Gas Attack and the Japanese Psyche,Haruki Murakami,"Murakami, Haruki","Alfred Birnbaum, Philip Gabriel","=""""","=""""",0,Vintage,Paperback,309,2003,1997,,2026/06/14,,,read,,,,1,0
24013720,Wind/Pinball: Two Novels,Haruki Murakami,"Murakami, Haruki",Ted Goossen,"=""0385352123""","=""9780385352123""",0,Knopf,Hardcover,234,2015,1980,,2026/06/14,,,read,,,,1,0
209192695,The City and Its Uncertain Walls,Haruki Murakami,"Murakami, Haruki",Philip Gabriel,"=""0593801970""","=""9780593801970""",0,Knopf,Hardcover,449,2024,2023,,2026/06/14,,,read,,,,1,0
9833,"Blind Willow, Sleeping Woman",Haruki Murakami,"Murakami, Haruki","Philip Gabriel, Jay Rubin","=""1400044618""","=""9781400044610""",0,Knopf,Hardcover,334,2006,2006,,2026/06/14,,,read,,,,1,0
54614599,First Person Singular: Stories,Haruki Murakami,"Murakami, Haruki",Philip Gabriel,"=""0593318072""","=""9780593318072""",0,Knopf,Hardcover,245,2021,2020,,2026/06/14,,,read,,,,1,0
11299,After the Quake,Haruki Murakami,"Murakami, Haruki",Jay Rubin,"=""""","=""""",0,Knopf Doubleday Publishing Group,Paperback,147,2003,2000,,2026/06/14,,,read,,,,1,0
9555,The Elephant Vanishes,Haruki Murakami,"Murakami, Haruki","Jay Rubin, Alfred Birnbaum","=""""","=""""",0,Vintage,Paperback,327,1994,1993,,2026/06/14,,,read,,,,1,0
23128304,The Strange Library,Haruki Murakami,"Murakami, Haruki",Ted Goossen,"=""0385354304""","=""9780385354301""",0,Knopf,Paperback,96,2014,2005,,2026/06/14,,,read,,,,1,0
38820047,Killing Commendatore,Haruki Murakami,"Murakami, Haruki",,"=""052552004X""","=""9780525520047""",0,Knopf,Hardcover,681,2018,2017,,2026/06/14,,,read,,,,1,0
17800,Dance Dance Dance,Haruki Murakami,"Murakami, Haruki",Alfred Birnbaum,"=""0099448769""","=""9780099448761""",0,Vintage,Paperback,393,2002,1988,,2026/06/14,,,read,,,,1,0
33652490,Men Without Women,Haruki Murakami,"Murakami, Haruki","Phillip Gabriel, Ted Goossen, Chip Kidd","=""0385689454""","=""9780385689458""",0,Bond Street Books,Kindle Edition,242,2017,2014,,2026/06/14,,,read,,,,1,0
11298,"A Wild Sheep Chase (The Rat, #3)",Haruki Murakami,"Murakami, Haruki",Alfred Birnbaum,"=""037571894X""","=""9780375718946""",0,Vintage,Paperback,353,2002,1982,,2026/06/14,,,read,,,,1,0
17799,"South of the Border, West of the Sun",Haruki Murakami,"Murakami, Haruki",Philip Gabriel,"=""0099448572""","=""9780099448570""",0,Vintage,Paperback,190,2006,1992,,2026/06/14,,,read,,,,1,0
10374,Hard-Boiled Wonderland and the End of the World,Haruki Murakami,"Murakami, Haruki",Alfred Birnbaum,"=""""","=""""",0,Vintage,Paperback,400,2003,1985,,2026/06/14,,,read,,,,1,0
9557,Sputnik Sweetheart,Haruki Murakami,"Murakami, Haruki",Philip Gabriel,"=""0099448475""","=""9780099448471""",0,Vintage,Paperback,229,2002,1999,,2026/06/14,,,read,,,,1,0
17803,After Dark,Haruki Murakami,"Murakami, Haruki",Jay Rubin,"=""0307265838""","=""9780307265838""",0,Knopf,Hardcover,191,2007,2004,,2026/06/14,,,read,,,,1,0
41022133,Colorless Tsukuru Tazaki and His Years of Pilgrimage,Haruki Murakami,"Murakami, Haruki",,"=""0385352115""","=""9780385352116""",0,Vintage Books,Paperback,308,2014,2013,,2026/06/14,,,read,,,,1,0
2195464,What I Talk About When I Talk About Running,Haruki Murakami,"Murakami, Haruki",Philip Gabriel,"=""""","=""""",0,Knopf Publishing Group,Hardcover,188,2008,2007,,2026/06/14,,,read,,,,1,0
11275,The Wind-Up Bird Chronicle,Haruki Murakami,"Murakami, Haruki",Jay Rubin,"=""0965341984""","=""9780965341981""",0,Knopf,Paperback,607,1997,1994,,2026/06/14,,,read,,,,1,0
10357575,"1Q84 (1Q84, #1-3)",Haruki Murakami,"Murakami, Haruki","Jay Rubin, Philip Gabriel","=""0307593312""","=""9780307593313""",0,Knopf,Hardcover,944,2011,2009,,2026/06/14,,,read,,,,1,0
239775146,Kafka on the Shore,Haruki Murakami,"Murakami, Haruki",Philip Gabriel,"=""1400079276""","=""9781400079278""",0,Vintage International,Paperback,467,2025,2002,,2026/06/14,,,read,,,,1,0
11297,Norwegian Wood,Haruki Murakami,"Murakami, Haruki",Jay Rubin,"=""""","=""""",0,Vintage Books,Paperback,296,2000,1987,,2026/06/14,,,read,,,,1,0
40117,The Unconsoled,Kazuo Ishiguro,"Ishiguro, Kazuo",,"=""057122539X""","=""9780571225392""",0,Faber and Faber,Paperback,535,2005,1995,,2026/06/14,,,read,,,,1,0
4772110,Nocturnes: Five Stories of Music and Nightfall,Kazuo Ishiguro,"Ishiguro, Kazuo",,"=""0307397874""","=""9780307397874""",0,Knopf Canada,Hardcover,221,2009,2009,,2026/06/14,,,read,,,,1,0
28923,When We Were Orphans,Kazuo Ishiguro,"Ishiguro, Kazuo",,"=""0571225403""","=""9780571225408""",0,Faber & Faber,Paperback,320,2005,2000,,2026/06/14,,,read,,,,1,0
28920,A Pale View of Hills,Kazuo Ishiguro,"Ishiguro, Kazuo",,"=""""","=""""",0,Faber and Faber,Paperback,183,2005,1982,,2026/06/14,,,read,,,,1,0
28922,An Artist of the Floating World,Kazuo Ishiguro,"Ishiguro, Kazuo",,"=""0571225365""","=""9780571225361""",0,Faber and Faber,Paperback,206,2005,1986,,2026/06/14,,,read,,,,1,0
22522805,The Buried Giant,Kazuo Ishiguro,"Ishiguro, Kazuo",,"=""030727103X""","=""9780307271037""",0,Alfred A. Knopf,Hardcover,317,2015,2015,,2026/06/14,,,read,,,,1,0
28921,The Remains of the Day,Kazuo Ishiguro,"Ishiguro, Kazuo",,"=""""","=""""",0,Faber & Faber,Paperback,258,2005,1989,,2026/06/14,,,read,,,,1,0
54120408,Klara and the Sun,Kazuo Ishiguro,"Ishiguro, Kazuo",,"=""059331817X""","=""9780593318171""",0,Alfred A. Knopf,Hardcover,303,2021,2021,,2026/06/14,,,read,,,,1,0
6334,Never Let Me Go,Kazuo Ishiguro,"Ishiguro, Kazuo",,"=""1400078776""","=""9781400078776""",0,Vintage Books ,Paperback,288,2010,2005,,2026/06/14,,,read,,,,1,0
43582010,"The Accomplice (Theodore Boone, #7)",John Grisham,"Grisham, John",,"=""""","=""""",0,Dutton Books for Young Readers,Kindle Edition,238,2019,2019,,2026/06/14,,,read,,,,1,0
26109389,"The Scandal (Theodore Boone, #6)",John Grisham,"Grisham, John",,"=""0525426396""","=""9780525426394""",0,Dutton Books for Young Readers,Hardcover,224,2016,2016,,2026/06/14,,,read,,,,1,0
23281792,"The Fugitive (Theodore Boone, #5)",John Grisham,"Grisham, John",,"=""0525426388""","=""9780525426387""",0,Dutton Books for Young Readers,Hardcover,250,2015,2015,,2026/06/14,,,read,,,,1,0
16101084,"The Activist (Theodore Boone, #4)",John Grisham,"Grisham, John",,"=""0525425772""","=""9780525425779""",0,Dutton Books for Young Readers,Hardcover,289,2013,2013,,2026/06/14,,,read,,,,1,0
11737268,"The Accused (Theodore Boone, #3)",John Grisham,"Grisham, John",,"=""0525425764""","=""9780525425762""",0,Dutton Books for Young Readers,Hardcover,288,2012,2012,,2026/06/14,,,read,,,,1,0
10720733,"The Abduction (Theodore Boone, #2)",John Grisham,"Grisham, John",,"=""""","=""""",0,,Paperback,232,2011,2010,,2026/06/14,,,read,,,,1,0
209786389,Framed: Astonishing True Stories of Wrongful Convictions,John Grisham,"Grisham, John",Jim McCloskey,"=""0385550448""","=""9780385550444""",0,Doubleday,Hardcover,368,2024,2024,,2026/06/14,,,read,,,,1,0
7824997,"Theodore Boone: Kid Lawyer (Theodore Boone, #1)",John Grisham,"Grisham, John",Richard Thomas,"=""0142428698""","=""9780142428696""",0,Listening Library,Audiobook,263,2010,2010,,2026/06/14,,,read,,,,1,0
5347,Bleachers,John Grisham,"Grisham, John",,"=""""","=""""",0,Arrow,Paperback,229,2004,2003,,2026/06/14,,,read,,,,1,0
60148895,"Sparring Partners (Jake Brigance, #4)",John Grisham,"Grisham, John",,"=""0385549326""","=""9780385549325""",0,Doubleday,Hardcover,320,2022,,,2026/06/14,,,read,,,,1,0
13154952,Calico Joe,John Grisham,"Grisham, John",,"=""0385536070""","=""9780385536073""",0,Doubleday,Hardcover,198,2012,2012,,2026/06/14,,,read,,,,1,0
1205297,Playing for Pizza,John Grisham,"Grisham, John",,"=""0385525001""","=""9780385525008""",0,Doubleday Books,Hardcover,262,2007,2007,,2026/06/14,,,read,,,,1,0
1248179,The Appeal,John Grisham,"Grisham, John",,"=""0385515049""","=""9780385515047""",0,Doubleday Books,Hardcover,358,2008,2008,,2026/06/14,,,read,,,,1,0
199550833,"Camino Ghosts (Camino Island, #3)",John Grisham,"Grisham, John",,"=""0385545991""","=""9780385545990""",0,Doubleday,Hardcover,292,2024,2024,,2026/06/14,,,read,,,,1,0
56844943,Sooley,John Grisham,"Grisham, John",,"=""0385547684""","=""9780385547680""",0,Doubleday,Hardcover,355,2021,2021,,2026/06/14,,,read,,,,1,0
3613997,The Associate,John Grisham,"Grisham, John",,"=""0385517831""","=""9780385517836""",0,Doubleday Books,Hardcover,373,2009,2009,,2026/06/14,,,read,,,,1,0
5352,The Summons,John Grisham,"Grisham, John",,"=""0385339593""","=""9780385339599""",0,Delta,Paperback,384,2005,2002,,2026/06/14,,,read,,,,1,0
7933437,The Confession,John Grisham,"Grisham, John",,"=""0385528043""","=""9780385528047""",0,Doubleday,Hardcover,418,2010,2010,,2026/06/14,,,read,,,,1,0
5357,Skipping Christmas,John Grisham,"Grisham, John",,"=""0099481685""","=""9780099481683""",0,Arrow,Paperback,198,2004,2001,,2026/06/14,,,read,,,,1,0
5345,The Innocent Man: Murder and Injustice in a Small Town,John Grisham,"Grisham, John",,"=""0385517238""","=""9780385517232""",0,Doubleday,Hardcover,360,2006,2006,,2026/06/14,,,read,,,,1,0
11600163,The Litigators,John Grisham,"Grisham, John",,"=""1444729705""","=""9781444729702""",0,London : Hodder & Stoughton,Hardcover,385,2011,2011,,2026/06/14,,,read,,,,1,0
5356,The King of Torts,John Grisham,"Grisham, John",,"=""0385339658""","=""9780385339650""",0,Delta,Paperback,276,2005,2003,,2026/06/14,,,read,,,,1,0
25387351,"Rogue Lawyer (Rogue Lawyer, #1)",John Grisham,"Grisham, John",,"=""0385539436""","=""9780385539432""",0,Doubleday,Hardcover,344,2015,2015,,2026/06/14,,,read,,,,1,0
49123131,"Camino Winds (Camino Island, #2)",John Grisham,"Grisham, John",,"=""0385545940""","=""9780385545945""",0,Knopf Doubleday Publishing Group,Kindle Edition,304,2020,2020,,2026/06/14,,,read,,,,1,0
34201164,The Rooster Bar,John Grisham,"Grisham, John",,"=""0385541171""","=""9780385541176""",0,Doubleday ,Hardcover,352,2017,,,2026/06/14,,,read,,,,1,0
5354,The Brethren,John Grisham,"Grisham, John",,"=""0385339674""","=""9780385339674""",0,Delta,Paperback,440,2005,2000,,2026/06/14,,,read,,,,1,0
123285511,"The Exchange (The Firm, #2)",John Grisham,"Grisham, John",,"=""0385548958""","=""9780385548953""",0,Doubleday,Hardcover,338,2023,2023,,2026/06/14,,,read,,,,1,0
61065355,The Boys from Biloxi,John Grisham,"Grisham, John",,"=""0385548923""","=""9780385548922""",0,Doubleday,Hardcover,464,2022,2022,,2026/06/14,,,read,,,,1,0
38389488,The Reckoning,John Grisham,"Grisham, John",,"=""""","=""""",0,Doubleday,Hardcover,420,2018,2018,,2026/06/14,,,read,,,,1,0
5360,A Painted House,John Grisham,"Grisham, John",,"=""0385337930""","=""9780385337939""",0,Bantam,Paperback,384,2004,2001,,2026/06/14,,,read,,,,1,0
1110,The Broker,John Grisham,"Grisham, John",,"=""0385340540""","=""9780385340540""",0,Delta,Paperback,422,2006,2005,,2026/06/14,,,read,,,,1,0
20707959,Gray Mountain,John Grisham,"Grisham, John",,"=""038553714X""","=""9780385537148""",0,Doubleday,Hardcover,368,2014,2014,,2026/06/14,,,read,,,,1,0
53529219,"A Time for Mercy (Jake Brigance, #3)",John Grisham,"Grisham, John",,"=""0385545975""","=""9780385545976""",0,Random House,Kindle Edition,480,2020,2020,,2026/06/14,,,read,,,,1,0
5346,The Last Juror,John Grisham,"Grisham, John",,"=""0385339682""","=""9780385339681""",0,Delta,Paperback,278,2006,2004,,2026/06/14,,,read,,,,1,0
13573236,The Racketeer,John Grisham,"Grisham, John",,"=""0385535144""","=""9780385535144""",0,Doubleday,Hardcover,340,2012,2012,,2026/06/14,,,read,,,,1,0
5351,The Street Lawyer,John Grisham,"Grisham, John",,"=""0385339097""","=""9780385339094""",0,Bantam,Paperback,384,2005,1998,,2026/06/14,,,read,,,,1,0
5348,The Testament,John Grisham,"Grisham, John",,"=""0440234743""","=""9780440234746""",0,Island,Paperback,533,2000,1999,,2026/06/14,,,read,,,,1,0
452235,"The Firm (The Firm, #1)",John Grisham,"Grisham, John",,"=""044021145X""","=""9780440211457""",0,Dell,Paperback,501,1992,1991,,2026/06/14,,,read,,,,1,0
57865158,"The Judge's List (The Whistler, #2)",John Grisham,"Grisham, John",,"=""0385546025""","=""9780385546027""",0,Doubleday,Hardcover,357,2021,2021,,2026/06/14,,,read,,,,1,0
43701061,The Guardians,John Grisham,"Grisham, John",,"=""0385544189""","=""9780385544184""",0,Doubleday,Hardcover,370,2019,2019,,2026/06/14,,,read,,,,1,0
229004506,The Widow,John Grisham,"Grisham, John",,"=""0385548982""","=""9780385548984""",0,Doubleday,Hardcover,404,2025,2025,,2026/06/14,,,read,,,,1,0
5350,The Partner,John Grisham,"Grisham, John",,"=""0385339100""","=""9780385339100""",0,Delta,Paperback,416,2005,1997,,2026/06/14,,,read,,,,1,0
5355,The Chamber,John Grisham,"Grisham, John",,"=""0385339666""","=""9780385339667""",0,Delta Trade Paperbacks,Paperback,632,2006,1994,,2026/06/14,,,read,,,,1,0
17288661,"Sycamore Row (Jake Brigance, #2)",John Grisham,"Grisham, John",,"=""0385537131""","=""9780385537131""",0,Doubleday,Hardcover,447,2013,2013,,2026/06/14,,,read,,,,1,0
29354916,"The Whistler (The Whistler, #1)",John Grisham,"Grisham, John",,"=""0385541201""","=""9780385541206""",0,Vintage,Kindle Edition,424,2016,2016,,2026/06/14,,,read,,,,1,0
34121119,"Camino Island (Camino Island, #1)",John Grisham,"Grisham, John",,"=""0385543026""","=""9780385543026""",0,Doubleday,Hardcover,290,2017,2017,,2026/06/14,,,read,,,,1,0
5349,The Rainmaker,John Grisham,"Grisham, John",,"=""""","=""""",0,Delta,Paperback,576,2005,1995,,2026/06/14,,,read,,,,1,0
24192,The Runaway Jury,John Grisham,"Grisham, John",,"=""0385339690""","=""9780385339698""",0,Delta,Paperback,464,2006,1996,,2026/06/14,,,read,,,,1,0
32499,The Pelican Brief,John Grisham,"Grisham, John",,"=""0385339704""","=""9780385339704""",0,Delta,Paperback,400,2006,1992,,2026/06/14,,,read,,,,1,0
5359,The Client,John Grisham,"Grisham, John",,"=""0385339089""","=""9780385339087""",0,Delta Trade Paperbacks,Paperback,483,2005,1993,,2026/06/14,,,read,,,,1,0
32542,"A Time to Kill (Jake Brigance, #1)",John Grisham,"Grisham, John",,"=""""","=""""",0,Dell,Mass Market Paperback,738,2004,1989,,2026/06/14,,,read,,,,1,0
25856606,The Fault in Our Stars,John  Green,"Green, John",,"=""0525478817""","=""9780525478812""",0,Dutton Books,Hardcover,313,2012,2012,,2026/06/14,,,read,,,,1,0
6442769,Paper Towns,John  Green,"Green, John",Gázsity Mila,"=""014241493X""","=""9780142414934""",0,Speak,Paperback,305,2009,2008,,2026/06/14,,,read,,,,1,0
7624,Lord of the Flies,William Golding,"Golding, William",,"=""0140283331""","=""9780140283334""",0,Penguin Books ,Paperback,182,1999,1954,,2026/06/14,,,read,,,,1,0
127441416,The Diary of a Young Girl,Anne Frank,"Frank, Anne",,"=""""","=""""",0,Bantam Books,Mass Market Paperback,256,1994,1947,,2026/06/14,,,read,,,,1,0
7628,The Good Soldier: A Tale of Passion,Ford Madox Ford,"Ford, Ford Madox","Kenneth Womack, William Baker","=""1551113813""","=""9781551113814""",0,Broadview Press,Paperback,368,2003,1915,,2026/06/14,,,read,,,,1,0
41733839,The Great Gatsby,F. Scott Fitzgerald,"Fitzgerald, F. Scott",Jesmyn Ward,"=""""","=""""",0,Scribner,Paperback,180,2018,1925,,2026/06/14,,,read,,,,1,0
54499,The Man in the Iron Mask (Le vicomte de Bragelonne #4/4),Alexandre Dumas,"Dumas, Alexandre","Joachim Neugroschel, Francine du Plessix Gray","=""0140439242""","=""9780140439243""",0,Penguin Books,Unknown Binding,383,2003,1850,,2026/06/14,,,read,,,,1,0
7190,The Three Musketeers,Alexandre Dumas,"Dumas, Alexandre","Richard Pevear, Philip Bates, William Barrow, August Zoller, Marisa Zini, Moshe Ukkle, Pierre Toutain-Dorbec, John      Lee, Jacques Georges Clemenc Le Clercq, Natalie Montoto, S.M. Sheley, Daniel Rasmusson, Louis Jourdan, Walter Covell, Michael  Page, Michael Hugh Johnson, Sylvie Thorel-Cailleteau, Milo Winter, Bill Homewood, Arthur Paul John Charles James Gore Sudley, S.N. Rizvi, Giorgio Manganelli, William Robson, Isabel Ely Lord","=""""","=""""",0,Modern Library,Paperback,625,2001,1844,,2026/06/14,,,read,,,,1,0
7126,The Count of Monte Cristo,Alexandre Dumas,"Dumas, Alexandre",Robin Buss,"=""0140449264""","=""9780140449266""",0,Penguin Classics,Paperback,1276,2003,1846,,2026/06/14,,,read,,,,1,0
194373,"The Memoirs of Sherlock Holmes (Sherlock Holmes, #4)",Arthur Conan Doyle,"Doyle, Arthur Conan","Owen Dudley Edwards, Christopher Roden","=""0192123092""","=""9780192123091""",0,Oxford University Press,Hardcover,378,1993,1893,,2026/06/14,,,read,,,,1,0
8921,"The Hound of the Baskervilles (Sherlock Holmes, #5)",Arthur Conan Doyle,"Doyle, Arthur Conan","Anne Perry, Mark Hallaq","=""""","=""""",0,Signet,Mass Market Paperback,256,2001,1902,,2026/06/14,,,read,,,,1,0
3590,"The Adventures of Sherlock Holmes (Sherlock Holmes, #3)",Arthur Conan Doyle,"Doyle, Arthur Conan",,"=""""","=""""",0,Oxford University Press,Paperback,389,1998,1892,,2026/06/14,,,read,,,,1,0
608474,"The Sign of Four (Sherlock Holmes, #2)",Arthur Conan Doyle,"Doyle, Arthur Conan",Peter Ackroyd,"=""""","=""""",0,Penguin Classics,Paperback,129,2001,1890,,2026/06/14,,,read,,,,1,0
102868,"A Study in Scarlet (Sherlock Holmes, #1)",Arthur Conan Doyle,"Doyle, Arthur Conan",,"=""1420925539""","=""9781420925531""",0,Digireads.com,Paperback,123,2005,1887,,2026/06/14,,,read,,,,1,0
58696,David Copperfield,Charles Dickens,"Dickens, Charles","Edward Killoran Brown, Jeremy Tambling, Phiz","=""""","=""""",0,Penguin ,Paperback,882,2004,1850,,2026/06/14,,,read,,,,1,0
18254,Oliver Twist,Charles Dickens,"Dickens, Charles",Philip Horne,"=""""","=""""",0,Penguin Books,Paperback,608,2003,1838,,2026/06/14,,,read,,,,1,0
2623,Great Expectations,Charles Dickens,"Dickens, Charles","Kate Flint, Margaret Cardwell","=""0192833596""","=""9780192833594""",0,Oxford University Press,Paperback,544,1998,1861,,2026/06/14,,,read,,,,1,0
5326,A Christmas Carol,Charles Dickens,"Dickens, Charles",Joe L. Wheeler,"=""1561797464""","=""9781561797462""",0,Bethany House Publishers ,Paperback,184,1999,1843,,2026/06/14,,,read,,,,1,0
41716904,"Upheaval: Turning Points for Nations in Crisis (Civilizations Rise and Fall, #3)",Jared Diamond,"Diamond, Jared",,"=""""","=""""",0,"Little, Brown and Company",Hardcover,512,2019,2019,,2026/06/14,,,read,,,,1,0
35220,The Red Badge of Courage,Stephen Crane,"Crane, Stephen",,"=""1580495869""","=""9781580495868""",0,"Clayton, Del. : Prestwick House Literary Touchstone Classics,",Paperback,149,2006,1894,,2026/06/14,,,read,,,,1,0
4900,Heart of Darkness,Joseph Conrad,"Conrad, Joseph",,"=""1892295490""","=""9781892295491""",0,Green Integer Books,Paperback,188,2003,1899,,2026/06/14,,,read,,,,1,0
221633230,"Never Flinch (Holly Gibney, #4)",Stephen  King,"King, Stephen",,"=""1668089335""","=""9781668089330""",0,Scribner,Hardcover,448,2025,2025,,2026/06/14,,,read,,,,1,0
201242757,You Like It Darker,Stephen  King,"King, Stephen",,"=""1668037718""","=""9781668037713""",0,Scribner,Hardcover,512,2024,2024,,2026/06/14,,,read,,,,1,0
46015758,If It Bleeds (Holly Gibney #2),Stephen  King,"King, Stephen",,"=""""","=""""",0,Scribner ,Kindle Edition,438,2020,2020,,2026/06/14,,,read,,,,1,0
23492589,"Finders Keepers (Bill Hodges Trilogy, #2)",Stephen  King,"King, Stephen",,"=""1501100076""","=""9781501100079""",0,Scribner,Hardcover,434,2015,2015,,2026/06/14,,,read,,,,1,0
65916344,"Holly (Holly Gibney, #3)",Stephen  King,"King, Stephen",,"=""1668016133""","=""9781668016138""",0,Scribner,Hardcover,449,2023,2023,,2026/06/14,,,read,,,,1,0
6320534,Under the Dome,Stephen  King,"King, Stephen",,"=""1439148503""","=""9781439148501""",0,Scribner,Hardcover,1074,2009,2009,,2026/06/14,,,read,,,,1,0
60177373,Fairy Tale,Stephen  King,"King, Stephen",,"=""1668002175""","=""9781668002179""",0,Scribner,Hardcover,607,2022,2022,,2026/06/14,,,read,,,,1,0
43798285,The Institute,Stephen  King,"King, Stephen",,"=""""","=""""",0,Scribner,Hardcover,561,2019,2019,,2026/06/14,,,read,,,,1,0
18775247,Mr. Mercedes (Bill Hodges #1),Stephen  King,"King, Stephen",,"=""1476754454""","=""9781476754451""",0,Scribner,Hardcover,437,2014,2014,,2026/06/14,,,read,,,,1,0
36124936,"The Outsider (Holly Gibney, #1)",Stephen  King,"King, Stephen",,"=""1501180983""","=""9781501180989""",0,Scribner,Hardcover,561,2018,2018,,2026/06/14,,,read,,,,1,0
11566,The Green Mile,Stephen  King,"King, Stephen",,"=""0451933028""","=""9780451933027""",0,Penguin Signet,Paperback,592,1996,1996,,2026/06/14,,,read,,,,1,0
11590,’Salem’s Lot,Stephen  King,"King, Stephen",,"=""0450031063""","=""9780450031069""",0,New English Library,Paperback,483,1991,1975,,2026/06/14,,,read,,,,1,0
33124137,Pet Sematary,Stephen  King,"King, Stephen",,"=""""","=""""",0,Scribner,Kindle Edition,580,2014,1983,,2026/06/14,,,read,,,,1,0
10644930,11/22/63,Stephen  King,"King, Stephen",,"=""1451627289""","=""9781451627282""",0,Scribner,Hardcover,849,2011,2011,,2026/06/14,,,read,,,,1,0
10592,Carrie,Stephen  King,"King, Stephen",,"=""1416524304""","=""9781416524304""",0,Pocket,Mass Market Paperback,272,1999,1974,,2026/06/14,,,read,,,,1,0
10614,Misery,Stephen  King,"King, Stephen",,"=""0450417395""","=""9780450417399""",0,New English Library,Paperback,370,1992,1987,,2026/06/14,,,read,,,,1,0
87591651,The Stand,Stephen  King,"King, Stephen",Grover Gardner,"=""""","=""""",0,BBC Audio,Audiobook,,2021,1978,,2026/06/14,,,read,,,,1,0
830502,It,Stephen  King,"King, Stephen",,"=""0450411435""","=""9780450411434""",0,New English Library,Paperback,1184,1987,1986,,2026/06/14,,,read,,,,1,0
11588,"The Shining (The Shining, #1)",Stephen  King,"King, Stephen",,"=""0450040186""","=""9780450040184""",0,New English Library,Mass Market Paperback,497,1980,1977,,2026/06/14,,,read,,,,1,0
192566704,The Outsiders,S.E. Hinton,"Hinton, S.E.",,"=""014240733X""","=""9780142407332""",0,Viking,Paperback,214,2021,1967,,2026/06/14,,,read,,,,1,0
3836,Don Quixote,Miguel de Cervantes Saavedra,"Saavedra, Miguel de Cervantes","Roberto González Echevarría, John Rutherford","=""""","=""""",0,Penguin Books,Paperback,1023,2003,1605,,2026/06/14,,,read,,,,1,0
11991,The Fall (Vintage International),Albert Camus,"Camus, Albert",Justin O'Brien,"=""0679720227""","=""9780679720225""",0,Vintage Books,Paperback,147,1991,1956,,2026/06/14,,,read,,,,1,0
11989,The Plague,Albert Camus,"Camus, Albert",Stuart Gilbert,"=""""","=""""",0,Vintage International,Paperback,308,1991,1947,,2026/06/14,,,read,,,,1,0
49552,The Stranger,Albert Camus,"Camus, Albert",Matthew  Ward,"=""""","=""""",0,Vintage International,Paperback,123,1989,1942,,2026/06/14,,,read,,,,1,0
251688,Breakfast at Tiffany’s and Three Stories,Truman Capote,"Capote, Truman",,"=""""","=""""",0,Vintage Books,Paperback,142,1993,1958,,2026/06/14,,,read,,,,1,0
36047860,Milkman,Anna Burns,"Burns, Anna",,"=""0571338763""","=""9780571338764""",0,Faber & Faber,Kindle Edition,352,2018,2018,,2026/06/14,,,read,,,,1,0
32929156,Wuthering Heights,Emily Brontë,"Brontë, Emily","Pauline Nestor, Lucasta Miller","=""0141439556""","=""9780141439556""",0,Penguin Classics,Paperback,359,2016,1847,,2026/06/14,,,read,,,,1,0
10210,Jane Eyre,Charlotte Brontë,"Brontë, Charlotte",Michael Mason,"=""0142437204""","=""9780142437209""",0,Penguin,Paperback,532,2003,1847,,2026/06/14,,,read,,,,1,0
13079982,Fahrenheit 451,Ray Bradbury,"Bradbury, Ray",,"=""""","=""""",0,Simon & Schuster,Mass Market Paperback,249,2011,1963,,2026/06/14,,,read,,,,1,0
45032,Mansfield Park,Jane Austen,"Austen, Jane","Kathryn Sutherland, Charles Edmund Brock","=""""","=""""",0,Penguin Books,Paperback,488,2003,1814,,2026/06/14,,,read,,,,1,0
50398,Northanger Abbey,Jane Austen,"Austen, Jane",Alfred Mac Adam,"=""1593082649""","=""9781593082642""",0,Barnes & Noble Classics,Paperback,260,2005,1817,,2026/06/14,,,read,,,,1,0
2156,Persuasion,Jane Austen,"Austen, Jane","Deidre Shauna Lynch, James Kinsley","=""0192802631""","=""9780192802637""",0,Oxford University Press,Paperback,249,2004,1817,,2026/06/14,,,read,,,,1,0
6969,Emma,Jane Austen,"Austen, Jane",Fiona Stafford,"=""""","=""""",0,Penguin Books,Paperback,474,2003,1815,,2026/06/14,,,read,,,,1,0
14935,Sense and Sensibility,Jane Austen,"Austen, Jane",Ros Ballaster,"=""0141439661""","=""9780141439662""",0,Penguin Books,Paperback,409,2003,1811,,2026/06/14,,,read,,,,1,0
129915654,Pride and Prejudice,Jane Austen,"Austen, Jane",,"=""""","=""""",0,Peter Pauper Press,Hardcover,400,2023,1813,,2026/06/14,,,read,,,,1,0
57524693,正欲 (Japanese Edition),Ryo Asai,"Asai, Ryo",朝井リョウ,"=""""","=""""",0,新潮社,Kindle Edition,386,2021,2021,,2026/06/14,,,read,,,,1,0
80176,"Winesburg, Ohio",Sherwood Anderson,"Anderson, Sherwood",Ted Olson,"=""0192839772""","=""9780192839770""",0,Oxford University Press,Paperback,240,1999,1919,,2026/06/14,,,read,,,,1,0
1934,"Little Women (Little Women, #1)",Louisa May Alcott,"Alcott, Louisa May","Regina Barreca, Grzegorz Komerski, Marta Fihel","=""""","=""""",0,Signet Classics,Mass Market Paperback,449,2004,1868,,2026/06/14,,,read,,,,1,0
672376,Rashomon and Other Stories,Ryūnosuke Akutagawa,"Akutagawa, Ryūnosuke",Takashi Kojima,"=""0871401738""","=""9780871401731""",0,Liveright,Paperback,110,1999,1915,,2026/06/14,,,read,,,,1,0
59703631,同志少女よ、敵を撃て,Touma Aisaka,"Aisaka, Touma",逢坂 冬馬,"=""4152100648""","=""9784152100641""",0,早川書房,単行本,496,2021,2021,,2026/06/14,,,read,,,,1,0
6658129,Tokyo Vice: An American Reporter on the Police Beat in Japan,Jake Adelstein,"Adelstein, Jake",,"=""0307378799""","=""9780307378798""",0,Pantheon,Hardcover,335,2009,2009,,2026/06/14,,,read,,,,1,0
194886685,ラブカは静かに弓を持つ,安壇美緒,"安壇美緒, 安壇美緒",,"=""4087717844""","=""9784087717846""",0,集英社,Tankobon Hardcover,212,2022,,,2026/06/14,,,read,,,,1,0
36336078,"Call Me By Your Name (Call Me By Your Name, #1)",André Aciman,"Aciman, André",,"=""""","=""""",0,Atlantic Books,Paperback,248,2017,2007,,2026/06/14,,,read,,,,1,0
